dev_id,coll_dt,b_soc,b_pack_current,b_pack_volt,b_accum_charg_power_quan,b_slow_charg_con_sts,b_fast_charg_con_sts,a_extern_temp_sensor,c_mileage,b_modul_1_temp,b_modul_2_temp,b_modul_3_temp,b_modul_4_temp,car_type
M2211123122,2022-01-26 16:11:10.000,26.0,-46.3,520.2,1017.9,False,True,,,12.0,12.0,11.0,11.0,IONIQ5
M2211123122,2022-01-26 16:11:10.000,26.0,-46.3,520.2,1017.9,False,True,,,12.0,12.0,11.0,11.0,IONIQ5
M2211123122,2022-01-26 16:11:10.000,26.0,-46.3,520.2,1017.9,False,True,,,12.0,12.0,11.0,11.0,IONIQ5
M2211123122,2022-01-26 16:11:20.000,26.5,-128.8,529.0,1018.0,False,True,10.0,,12.0,11.0,11.0,11.0,IONIQ5
M2211123122,2022-01-26 16:11:20.000,26.5,-128.8,529.0,1018.0,False,True,10.0,,12.0,11.0,11.0,11.0,IONIQ5
M2211123122,2022-01-26 16:11:20.000,26.5,-128.8,529.0,1018.0,False,True,10.0,,12.0,11.0,11.0,11.0,IONIQ5
M2211123122,2022-01-26 16:11:29.000,26.5,-102.4,530.6,1018.1,False,True,10.0,,12.0,11.0,11.0,11.0,IONIQ5
M2211123122,2022-01-26 16:11:29.000,26.5,-102.4,530.6,1018.1,False,True,10.0,,12.0,11.0,11.0,11.0,IONIQ5
M2211123122,2022-01-26 16:11:29.000,26.5,-102.4,530.6,1018.1,False,True,10.0,,12.0,11.0,11.0,11.0,IONIQ5
M2211123122,2022-01-26 16:11:38.000,27.0,-102.4,531.9,1018.2,False,True,10.0,,12.0,12.0,11.0,11.0,IONIQ5
M2211123122,2022-01-26 16:11:38.000,27.0,-102.4,531.9,1018.2,False,True,10.0,,12.0,12.0,11.0,11.0,IONIQ5
M2211123122,2022-01-26 16:11:38.000,27.0,-102.4,531.9,1018.2,False,True,10.0,,12.0,12.0,11.0,11.0,IONIQ5
M2211123122,2022-01-26 16:11:47.000,27.0,-101.9,532.8,1018.3,False,True,10.0,,12.0,12.0,11.0,11.0,IONIQ5
M2211123122,2022-01-26 16:11:47.000,27.0,-101.9,532.8,1018.3,False,True,10.0,,12.0,12.0,11.0,11.0,IONIQ5
M2211123122,2022-01-26 16:11:47.000,27.0,-101.9,532.8,1018.3,False,True,10.0,,12.0,12.0,11.0,11.0,IONIQ5
M2211123122,2022-01-26 16:11:56.000,27.0,-128.8,533.8,1018.5,False,True,10.0,,12.0,12.0,11.0,11.0,IONIQ5
M2211123122,2022-01-26 16:11:56.000,27.0,-128.8,533.8,1018.5,False,True,10.0,,12.0,12.0,11.0,11.0,IONIQ5
M2211123122,2022-01-26 16:11:56.000,27.0,-128.8,533.8,1018.5,False,True,10.0,,12.0,12.0,11.0,11.0,IONIQ5
M2211123122,2022-01-26 16:12:05.000,27.5,-128.4,534.4,1018.6,False,True,10.0,,12.0,12.0,11.0,11.0,IONIQ5
M2211123122,2022-01-26 16:12:05.000,27.5,-128.4,534.4,1018.6,False,True,10.0,,12.0,12.0,11.0,11.0,IONIQ5
M2211123122,2022-01-26 16:12:05.000,27.5,-128.4,534.4,1018.6,False,True,10.0,,12.0,12.0,11.0,11.0,IONIQ5
M2211123122,2022-01-26 16:12:14.000,27.5,-102.4,534.9,1018.7,False,True,10.0,,12.0,12.0,11.0,11.0,IONIQ5
M2211123122,2022-01-26 16:12:14.000,27.5,-102.4,534.9,1018.7,False,True,10.0,,12.0,12.0,11.0,11.0,IONIQ5
M2211123122,2022-01-26 16:12:14.000,27.5,-102.4,534.9,1018.7,False,True,10.0,,12.0,12.0,11.0,11.0,IONIQ5
M2211123122,2022-01-26 16:12:23.000,28.0,-101.8,535.3,1018.8,False,True,10.0,,12.0,12.0,11.0,11.0,IONIQ5
M2211123122,2022-01-26 16:12:23.000,28.0,-101.8,535.3,1018.8,False,True,10.0,,12.0,12.0,11.0,11.0,IONIQ5
M2211123122,2022-01-26 16:12:23.000,28.0,-101.8,535.3,1018.8,False,True,10.0,,12.0,12.0,11.0,11.0,IONIQ5
M2211123122,2022-01-26 16:12:32.000,28.0,-128.5,535.8,1018.9,False,True,10.0,,12.0,12.0,11.0,11.0,IONIQ5
M2211123122,2022-01-26 16:12:32.000,28.0,-128.5,535.8,1018.9,False,True,10.0,,12.0,12.0,11.0,11.0,IONIQ5
M2211123122,2022-01-26 16:12:32.000,28.0,-128.5,535.8,1018.9,False,True,10.0,,12.0,12.0,11.0,11.0,IONIQ5
M2211123122,2022-01-26 16:12:41.000,28.0,-94.5,535.3,1019.0,False,True,10.0,,12.0,12.0,11.0,11.0,IONIQ5
M2211123122,2022-01-26 16:12:41.000,28.0,-94.5,535.3,1019.0,False,True,10.0,,12.0,12.0,11.0,11.0,IONIQ5
M2211123122,2022-01-26 16:12:41.000,28.0,-94.5,535.3,1019.0,False,True,10.0,,12.0,12.0,11.0,11.0,IONIQ5
M2211123122,2022-01-26 16:12:50.000,28.5,-102.4,536.4,1019.1,False,True,10.0,,12.0,12.0,12.0,11.0,IONIQ5
M2211123122,2022-01-26 16:12:50.000,28.5,-102.4,536.4,1019.1,False,True,10.0,,12.0,12.0,12.0,11.0,IONIQ5
M2211123122,2022-01-26 16:12:50.000,28.5,-102.4,536.4,1019.1,False,True,10.0,,12.0,12.0,12.0,11.0,IONIQ5
M2211123122,2022-01-26 16:12:59.000,28.5,-101.8,536.7,1019.2,False,True,10.0,,12.0,12.0,12.0,11.0,IONIQ5
M2211123122,2022-01-26 16:12:59.000,28.5,-101.8,536.7,1019.2,False,True,10.0,,12.0,12.0,12.0,11.0,IONIQ5
M2211123122,2022-01-26 16:12:59.000,28.5,-101.8,536.7,1019.2,False,True,10.0,,12.0,12.0,12.0,11.0,IONIQ5
M2211123122,2022-01-26 16:13:08.000,28.5,-128.4,537.0,1019.3,False,True,10.0,,12.0,12.0,12.0,12.0,IONIQ5
M2211123122,2022-01-26 16:13:08.000,28.5,-128.4,537.0,1019.3,False,True,10.0,,12.0,12.0,12.0,12.0,IONIQ5
M2211123122,2022-01-26 16:13:08.000,28.5,-128.4,537.0,1019.3,False,True,10.0,,12.0,12.0,12.0,12.0,IONIQ5
M2211123122,2022-01-26 16:13:17.000,29.0,-128.2,537.2,1019.4,False,True,10.0,,12.0,12.0,12.0,12.0,IONIQ5
M2211123122,2022-01-26 16:13:17.000,29.0,-128.2,537.2,1019.4,False,True,10.0,,12.0,12.0,12.0,12.0,IONIQ5
M2211123122,2022-01-26 16:13:17.000,29.0,-128.2,537.2,1019.4,False,True,10.0,,12.0,12.0,12.0,12.0,IONIQ5
M2211123122,2022-01-26 16:13:26.000,29.0,-128.2,537.4,1019.5,False,True,10.0,,12.0,12.0,12.0,12.0,IONIQ5
M2211123122,2022-01-26 16:13:26.000,29.0,-128.2,537.4,1019.5,False,True,10.0,,12.0,12.0,12.0,12.0,IONIQ5
M2211123122,2022-01-26 16:13:26.000,29.0,-128.2,537.4,1019.5,False,True,10.0,,12.0,12.0,12.0,12.0,IONIQ5
M2211123122,2022-01-26 16:13:35.000,29.0,-128.1,537.6,1019.7,False,True,10.0,,12.0,12.0,12.0,12.0,IONIQ5
M2211123122,2022-01-26 16:13:35.000,29.0,-128.1,537.6,1019.7,False,True,10.0,,12.0,12.0,12.0,12.0,IONIQ5
M2211123122,2022-01-26 16:13:35.000,29.0,-128.1,537.6,1019.7,False,True,10.0,,12.0,12.0,12.0,12.0,IONIQ5
M2211123122,2022-01-26 16:13:44.000,29.5,-128.2,537.8,1019.8,False,True,10.0,,12.0,12.0,12.0,12.0,IONIQ5
M2211123122,2022-01-26 16:13:44.000,29.5,-128.2,537.8,1019.8,False,True,10.0,,12.0,12.0,12.0,12.0,IONIQ5
M2211123122,2022-01-26 16:13:44.000,29.5,-128.2,537.8,1019.8,False,True,10.0,,12.0,12.0,12.0,12.0,IONIQ5
M2211123122,2022-01-26 16:13:53.000,29.5,-128.2,538.0,1019.9,False,True,10.0,,12.0,12.0,12.0,12.0,IONIQ5
M2211123122,2022-01-26 16:13:53.000,29.5,-128.2,538.0,1019.9,False,True,10.0,,12.0,12.0,12.0,12.0,IONIQ5
M2211123122,2022-01-26 16:13:53.000,29.5,-128.2,538.0,1019.9,False,True,10.0,,12.0,12.0,12.0,12.0,IONIQ5
M2211123122,2022-01-26 16:14:02.000,29.5,-128.4,538.1,1020.0,False,True,10.0,,12.0,12.0,12.0,12.0,IONIQ5
M2211123122,2022-01-26 16:14:02.000,29.5,-128.4,538.1,1020.0,False,True,10.0,,12.0,12.0,12.0,12.0,IONIQ5
M2211123122,2022-01-26 16:14:02.000,29.5,-128.4,538.1,1020.0,False,True,10.0,,12.0,12.0,12.0,12.0,IONIQ5
M2211123122,2022-01-26 16:14:11.000,30.0,-102.4,538.3,1020.1,False,True,10.0,,12.0,12.0,12.0,12.0,IONIQ5
M2211123122,2022-01-26 16:14:11.000,30.0,-102.4,538.3,1020.1,False,True,10.0,,12.0,12.0,12.0,12.0,IONIQ5
M2211123122,2022-01-26 16:14:11.000,30.0,-102.4,538.3,1020.1,False,True,10.0,,12.0,12.0,12.0,12.0,IONIQ5
M2211123122,2022-01-26 16:14:20.000,30.0,-128.6,538.4,1020.3,False,True,10.0,,12.0,12.0,12.0,12.0,IONIQ5
M2211123122,2022-01-26 16:14:20.000,30.0,-128.6,538.4,1020.3,False,True,10.0,,12.0,12.0,12.0,12.0,IONIQ5
M2211123122,2022-01-26 16:14:20.000,30.0,-128.6,538.4,1020.3,False,True,10.0,,12.0,12.0,12.0,12.0,IONIQ5
M2211123122,2022-01-26 16:14:29.000,30.5,-129.0,538.6,1020.4,False,True,10.0,,12.0,12.0,12.0,12.0,IONIQ5
M2211123122,2022-01-26 16:14:29.000,30.5,-129.0,538.6,1020.4,False,True,10.0,,12.0,12.0,12.0,12.0,IONIQ5
M2211123122,2022-01-26 16:14:29.000,30.5,-129.0,538.6,1020.4,False,True,10.0,,12.0,12.0,12.0,12.0,IONIQ5
M2211123122,2022-01-26 16:14:38.000,30.5,-128.1,538.6,1020.5,False,True,10.0,,12.0,12.0,12.0,12.0,IONIQ5
M2211123122,2022-01-26 16:14:38.000,30.5,-128.1,538.6,1020.5,False,True,10.0,,12.0,12.0,12.0,12.0,IONIQ5
M2211123122,2022-01-26 16:14:38.000,30.5,-128.1,538.6,1020.5,False,True,10.0,,12.0,12.0,12.0,12.0,IONIQ5
M2211123122,2022-01-26 16:14:47.000,31.0,-128.1,538.7,1020.6,False,True,10.0,,12.0,12.0,12.0,12.0,IONIQ5
M2211123122,2022-01-26 16:14:47.000,31.0,-128.1,538.7,1020.6,False,True,10.0,,12.0,12.0,12.0,12.0,IONIQ5
M2211123122,2022-01-26 16:14:47.000,31.0,-128.1,538.7,1020.6,False,True,10.0,,12.0,12.0,12.0,12.0,IONIQ5
M2211123122,2022-01-26 16:14:56.000,31.0,-128.1,538.8,1020.8,False,True,10.0,,12.0,12.0,12.0,12.0,IONIQ5
M2211123122,2022-01-26 16:14:56.000,31.0,-128.1,538.8,1020.8,False,True,10.0,,12.0,12.0,12.0,12.0,IONIQ5
M2211123122,2022-01-26 16:14:56.000,31.0,-128.1,538.8,1020.8,False,True,10.0,,12.0,12.0,12.0,12.0,IONIQ5
M2211123122,2022-01-26 16:15:05.000,31.0,-102.4,538.9,1020.9,False,True,10.0,,12.0,12.0,12.0,12.0,IONIQ5
M2211123122,2022-01-26 16:15:05.000,31.0,-102.4,538.9,1020.9,False,True,10.0,,12.0,12.0,12.0,12.0,IONIQ5
M2211123122,2022-01-26 16:15:05.000,31.0,-102.4,538.9,1020.9,False,True,10.0,,12.0,12.0,12.0,12.0,IONIQ5
M2211123122,2022-01-26 16:15:14.000,31.5,-102.3,539.0,1021.0,False,True,10.0,,13.0,12.0,12.0,12.0,IONIQ5
M2211123122,2022-01-26 16:15:14.000,31.5,-102.3,539.0,1021.0,False,True,10.0,,13.0,12.0,12.0,12.0,IONIQ5
M2211123122,2022-01-26 16:15:14.000,31.5,-102.3,539.0,1021.0,False,True,10.0,,13.0,12.0,12.0,12.0,IONIQ5
M2211123122,2022-01-26 16:15:23.000,31.5,-102.4,539.2,1021.2,False,True,10.0,,13.0,13.0,12.0,12.0,IONIQ5
M2211123122,2022-01-26 16:15:23.000,31.5,-102.4,539.2,1021.2,False,True,10.0,,13.0,13.0,12.0,12.0,IONIQ5
M2211123122,2022-01-26 16:15:23.000,31.5,-102.4,539.2,1021.2,False,True,10.0,,13.0,13.0,12.0,12.0,IONIQ5
M2211123122,2022-01-26 16:15:32.000,32.0,-128.5,539.3,1021.3,False,True,10.0,,13.0,13.0,12.0,12.0,IONIQ5
M2211123122,2022-01-26 16:15:32.000,32.0,-128.5,539.3,1021.3,False,True,10.0,,13.0,13.0,12.0,12.0,IONIQ5
M2211123122,2022-01-26 16:15:32.000,32.0,-128.5,539.3,1021.3,False,True,10.0,,13.0,13.0,12.0,12.0,IONIQ5
M2211123122,2022-01-26 16:15:41.000,32.0,-102.4,539.3,1021.4,False,True,10.0,,13.0,13.0,12.0,12.0,IONIQ5
M2211123122,2022-01-26 16:15:41.000,32.0,-102.4,539.3,1021.4,False,True,10.0,,13.0,13.0,12.0,12.0,IONIQ5
M2211123122,2022-01-26 16:15:41.000,32.0,-102.4,539.3,1021.4,False,True,10.0,,13.0,13.0,12.0,12.0,IONIQ5
M2211123122,2022-01-26 16:15:50.000,32.0,-102.4,539.4,1021.5,False,True,10.0,,13.0,13.0,12.0,12.0,IONIQ5
M2211123122,2022-01-26 16:15:50.000,32.0,-102.4,539.4,1021.5,False,True,10.0,,13.0,13.0,12.0,12.0,IONIQ5
M2211123122,2022-01-26 16:15:50.000,32.0,-102.4,539.4,1021.5,False,True,10.0,,13.0,13.0,12.0,12.0,IONIQ5
M2211123122,2022-01-26 16:15:59.000,32.5,-128.2,539.5,1021.7,False,True,10.0,,13.0,13.0,13.0,13.0,IONIQ5
M2211123122,2022-01-26 16:15:59.000,32.5,-128.2,539.5,1021.7,False,True,10.0,,13.0,13.0,13.0,13.0,IONIQ5
M2211123122,2022-01-26 16:15:59.000,32.5,-128.2,539.5,1021.7,False,True,10.0,,13.0,13.0,13.0,13.0,IONIQ5
M2211123122,2022-01-26 16:16:08.000,32.5,-128.3,539.6,1021.8,False,True,10.0,,13.0,13.0,13.0,13.0,IONIQ5
M2211123122,2022-01-26 16:16:08.000,32.5,-128.3,539.6,1021.8,False,True,10.0,,13.0,13.0,13.0,13.0,IONIQ5
M2211123122,2022-01-26 16:16:08.000,32.5,-128.3,539.6,1021.8,False,True,10.0,,13.0,13.0,13.0,13.0,IONIQ5
M2211123122,2022-01-26 16:16:17.000,33.0,-102.4,539.7,1021.9,False,True,10.0,,13.0,13.0,13.0,13.0,IONIQ5
M2211123122,2022-01-26 16:16:17.000,33.0,-102.4,539.7,1021.9,False,True,10.0,,13.0,13.0,13.0,13.0,IONIQ5
M2211123122,2022-01-26 16:16:17.000,33.0,-102.4,539.7,1021.9,False,True,10.0,,13.0,13.0,13.0,13.0,IONIQ5
M2211123122,2022-01-26 16:16:26.000,33.0,-128.3,539.8,1022.0,False,True,10.0,,13.0,13.0,13.0,13.0,IONIQ5
M2211123122,2022-01-26 16:16:26.000,33.0,-128.3,539.8,1022.0,False,True,10.0,,13.0,13.0,13.0,13.0,IONIQ5
M2211123122,2022-01-26 16:16:26.000,33.0,-128.3,539.8,1022.0,False,True,10.0,,13.0,13.0,13.0,13.0,IONIQ5
M2211123122,2022-01-26 16:16:35.000,33.0,-128.1,539.9,1022.2,False,True,10.0,,13.0,13.0,13.0,13.0,IONIQ5
M2211123122,2022-01-26 16:16:35.000,33.0,-128.1,539.9,1022.2,False,True,10.0,,13.0,13.0,13.0,13.0,IONIQ5
M2211123122,2022-01-26 16:16:35.000,33.0,-128.1,539.9,1022.2,False,True,10.0,,13.0,13.0,13.0,13.0,IONIQ5
M2211123122,2022-01-26 16:16:44.000,33.5,-128.4,540.1,1022.3,False,True,10.0,,13.0,13.0,13.0,13.0,IONIQ5
M2211123122,2022-01-26 16:16:44.000,33.5,-128.4,540.1,1022.3,False,True,10.0,,13.0,13.0,13.0,13.0,IONIQ5
M2211123122,2022-01-26 16:16:44.000,33.5,-128.4,540.1,1022.3,False,True,10.0,,13.0,13.0,13.0,13.0,IONIQ5
M2211123122,2022-01-26 16:16:53.000,33.5,-128.5,540.2,1022.4,False,True,10.0,,13.0,13.0,13.0,13.0,IONIQ5
M2211123122,2022-01-26 16:16:53.000,33.5,-128.5,540.2,1022.4,False,True,10.0,,13.0,13.0,13.0,13.0,IONIQ5
M2211123122,2022-01-26 16:16:53.000,33.5,-128.5,540.2,1022.4,False,True,10.0,,13.0,13.0,13.0,13.0,IONIQ5
M2211123122,2022-01-26 16:17:02.000,34.0,-128.1,540.2,1022.5,False,True,10.0,,13.0,13.0,13.0,13.0,IONIQ5
M2211123122,2022-01-26 16:17:02.000,34.0,-128.1,540.2,1022.5,False,True,10.0,,13.0,13.0,13.0,13.0,IONIQ5
M2211123122,2022-01-26 16:17:02.000,34.0,-128.1,540.2,1022.5,False,True,10.0,,13.0,13.0,13.0,13.0,IONIQ5
M2211123122,2022-01-26 16:17:11.000,34.0,-128.2,540.3,1022.7,False,True,10.0,,13.0,13.0,13.0,13.0,IONIQ5
M2211123122,2022-01-26 16:17:11.000,34.0,-128.2,540.3,1022.7,False,True,10.0,,13.0,13.0,13.0,13.0,IONIQ5
M2211123122,2022-01-26 16:17:11.000,34.0,-128.2,540.3,1022.7,False,True,10.0,,13.0,13.0,13.0,13.0,IONIQ5
M2211123122,2022-01-26 16:17:20.000,34.5,-128.4,540.4,1022.8,False,True,10.0,,14.0,13.0,13.0,13.0,IONIQ5
M2211123122,2022-01-26 16:17:20.000,34.5,-128.4,540.4,1022.8,False,True,10.0,,14.0,13.0,13.0,13.0,IONIQ5
M2211123122,2022-01-26 16:17:20.000,34.5,-128.4,540.4,1022.8,False,True,10.0,,14.0,13.0,13.0,13.0,IONIQ5
M2211123122,2022-01-26 16:17:29.000,34.5,-102.4,540.5,1022.9,False,True,10.0,,14.0,14.0,13.0,13.0,IONIQ5
M2211123122,2022-01-26 16:17:29.000,34.5,-102.4,540.5,1022.9,False,True,10.0,,14.0,14.0,13.0,13.0,IONIQ5
M2211123122,2022-01-26 16:17:29.000,34.5,-102.4,540.5,1022.9,False,True,10.0,,14.0,14.0,13.0,13.0,IONIQ5
M2211123122,2022-01-26 16:17:38.000,34.5,-128.4,540.7,1023.1,False,True,10.0,,14.0,14.0,13.0,13.0,IONIQ5
M2211123122,2022-01-26 16:17:38.000,34.5,-128.4,540.7,1023.1,False,True,10.0,,14.0,14.0,13.0,13.0,IONIQ5
M2211123122,2022-01-26 16:17:38.000,34.5,-128.4,540.7,1023.1,False,True,10.0,,14.0,14.0,13.0,13.0,IONIQ5
M2211123122,2022-01-26 16:17:47.000,35.0,-129.1,540.8,1023.2,False,True,10.0,,14.0,14.0,14.0,14.0,IONIQ5
M2211123122,2022-01-26 16:17:47.000,35.0,-129.1,540.8,1023.2,False,True,10.0,,14.0,14.0,14.0,14.0,IONIQ5
M2211123122,2022-01-26 16:17:47.000,35.0,-129.1,540.8,1023.2,False,True,10.0,,14.0,14.0,14.0,14.0,IONIQ5
M2211123122,2022-01-26 16:17:56.000,35.0,-129.0,540.9,1023.3,False,True,10.0,,14.0,14.0,14.0,14.0,IONIQ5
M2211123122,2022-01-26 16:17:56.000,35.0,-129.0,540.9,1023.3,False,True,10.0,,14.0,14.0,14.0,14.0,IONIQ5
M2211123122,2022-01-26 16:17:56.000,35.0,-129.0,540.9,1023.3,False,True,10.0,,14.0,14.0,14.0,14.0,IONIQ5
M2211123122,2022-01-26 16:18:05.000,35.5,-128.4,541.0,1023.4,False,True,10.0,,14.0,14.0,14.0,14.0,IONIQ5
M2211123122,2022-01-26 16:18:05.000,35.5,-128.4,541.0,1023.4,False,True,10.0,,14.0,14.0,14.0,14.0,IONIQ5
M2211123122,2022-01-26 16:18:05.000,35.5,-128.4,541.0,1023.4,False,True,10.0,,14.0,14.0,14.0,14.0,IONIQ5
M2211123122,2022-01-26 16:18:14.000,35.5,-128.2,541.1,1023.6,False,True,10.0,,14.0,14.0,14.0,14.0,IONIQ5
M2211123122,2022-01-26 16:18:14.000,35.5,-128.2,541.1,1023.6,False,True,10.0,,14.0,14.0,14.0,14.0,IONIQ5
M2211123122,2022-01-26 16:18:14.000,35.5,-128.2,541.1,1023.6,False,True,10.0,,14.0,14.0,14.0,14.0,IONIQ5
M2211123122,2022-01-26 16:18:23.000,35.5,-129.0,541.2,1023.7,False,True,10.0,,14.0,14.0,14.0,14.0,IONIQ5
M2211123122,2022-01-26 16:18:23.000,35.5,-129.0,541.2,1023.7,False,True,10.0,,14.0,14.0,14.0,14.0,IONIQ5
M2211123122,2022-01-26 16:18:23.000,35.5,-129.0,541.2,1023.7,False,True,10.0,,14.0,14.0,14.0,14.0,IONIQ5
M2211123122,2022-01-26 16:18:32.000,36.0,-128.4,541.3,1023.8,False,True,10.0,,14.0,14.0,14.0,14.0,IONIQ5
M2211123122,2022-01-26 16:18:32.000,36.0,-128.4,541.3,1023.8,False,True,10.0,,14.0,14.0,14.0,14.0,IONIQ5
M2211123122,2022-01-26 16:18:32.000,36.0,-128.4,541.3,1023.8,False,True,10.0,,14.0,14.0,14.0,14.0,IONIQ5
M2211123122,2022-01-26 16:18:41.000,36.0,-102.4,541.4,1023.9,False,True,10.0,,14.0,14.0,14.0,14.0,IONIQ5
M2211123122,2022-01-26 16:18:41.000,36.0,-102.4,541.4,1023.9,False,True,10.0,,14.0,14.0,14.0,14.0,IONIQ5
M2211123122,2022-01-26 16:18:41.000,36.0,-102.4,541.4,1023.9,False,True,10.0,,14.0,14.0,14.0,14.0,IONIQ5
M2211123122,2022-01-26 16:18:50.000,36.5,-102.4,541.5,1024.1,False,True,10.0,,14.0,14.0,14.0,14.0,IONIQ5
M2211123122,2022-01-26 16:18:50.000,36.5,-102.4,541.5,1024.1,False,True,10.0,,14.0,14.0,14.0,14.0,IONIQ5
M2211123122,2022-01-26 16:18:50.000,36.5,-102.4,541.5,1024.1,False,True,10.0,,14.0,14.0,14.0,14.0,IONIQ5
M2211123122,2022-01-26 16:18:59.000,36.5,-102.4,541.6,1024.2,False,True,10.0,,15.0,15.0,14.0,14.0,IONIQ5
M2211123122,2022-01-26 16:18:59.000,36.5,-102.4,541.6,1024.2,False,True,10.0,,15.0,15.0,14.0,14.0,IONIQ5
M2211123122,2022-01-26 16:18:59.000,36.5,-102.4,541.6,1024.2,False,True,10.0,,15.0,15.0,14.0,14.0,IONIQ5
M2211123122,2022-01-26 16:19:08.000,36.5,-128.1,541.7,1024.3,False,True,10.0,,15.0,15.0,14.0,15.0,IONIQ5
M2211123122,2022-01-26 16:19:08.000,36.5,-128.1,541.7,1024.3,False,True,10.0,,15.0,15.0,14.0,15.0,IONIQ5
M2211123122,2022-01-26 16:19:08.000,36.5,-128.1,541.7,1024.3,False,True,10.0,,15.0,15.0,14.0,15.0,IONIQ5
M2211123122,2022-01-26 16:19:17.000,37.0,-102.4,541.9,1024.4,False,True,10.0,,15.0,15.0,15.0,15.0,IONIQ5
M2211123122,2022-01-26 16:19:17.000,37.0,-102.4,541.9,1024.4,False,True,10.0,,15.0,15.0,15.0,15.0,IONIQ5
M2211123122,2022-01-26 16:19:17.000,37.0,-102.4,541.9,1024.4,False,True,10.0,,15.0,15.0,15.0,15.0,IONIQ5
M2211123122,2022-01-26 16:19:26.000,37.0,-128.1,542.0,1024.6,False,True,10.0,,15.0,15.0,15.0,15.0,IONIQ5
M2211123122,2022-01-26 16:19:26.000,37.0,-128.1,542.0,1024.6,False,True,10.0,,15.0,15.0,15.0,15.0,IONIQ5
M2211123122,2022-01-26 16:19:26.000,37.0,-128.1,542.0,1024.6,False,True,10.0,,15.0,15.0,15.0,15.0,IONIQ5
M2211123122,2022-01-26 16:19:35.000,37.5,-102.4,542.1,1024.7,False,True,10.0,,15.0,15.0,15.0,15.0,IONIQ5
M2211123122,2022-01-26 16:19:35.000,37.5,-102.4,542.1,1024.7,False,True,10.0,,15.0,15.0,15.0,15.0,IONIQ5
M2211123122,2022-01-26 16:19:35.000,37.5,-102.4,542.1,1024.7,False,True,10.0,,15.0,15.0,15.0,15.0,IONIQ5
M2211123122,2022-01-26 16:19:44.000,37.5,-102.4,542.2,1024.8,False,True,10.0,,15.0,15.0,15.0,15.0,IONIQ5
M2211123122,2022-01-26 16:19:44.000,37.5,-102.4,542.2,1024.8,False,True,10.0,,15.0,15.0,15.0,15.0,IONIQ5
M2211123122,2022-01-26 16:19:44.000,37.5,-102.4,542.2,1024.8,False,True,10.0,,15.0,15.0,15.0,15.0,IONIQ5
M2211123122,2022-01-26 16:19:53.000,37.5,-128.1,542.4,1025.0,False,True,10.0,,15.0,15.0,15.0,15.0,IONIQ5
M2211123122,2022-01-26 16:19:53.000,37.5,-128.1,542.4,1025.0,False,True,10.0,,15.0,15.0,15.0,15.0,IONIQ5
M2211123122,2022-01-26 16:19:53.000,37.5,-128.1,542.4,1025.0,False,True,10.0,,15.0,15.0,15.0,15.0,IONIQ5
M2211123122,2022-01-26 16:20:02.000,38.0,-128.1,542.5,1025.1,False,True,10.0,,15.0,15.0,15.0,15.0,IONIQ5
M2211123122,2022-01-26 16:20:02.000,38.0,-128.1,542.5,1025.1,False,True,10.0,,15.0,15.0,15.0,15.0,IONIQ5
M2211123122,2022-01-26 16:20:02.000,38.0,-128.1,542.5,1025.1,False,True,10.0,,15.0,15.0,15.0,15.0,IONIQ5
M2211123122,2022-01-26 16:20:11.000,38.0,-184.6,547.5,1025.3,False,True,10.0,,15.0,16.0,15.0,15.0,IONIQ5
M2211123122,2022-01-26 16:20:11.000,38.0,-184.6,547.5,1025.3,False,True,10.0,,15.0,16.0,15.0,15.0,IONIQ5
M2211123122,2022-01-26 16:20:11.000,38.0,-184.6,547.5,1025.3,False,True,10.0,,15.0,16.0,15.0,15.0,IONIQ5
M2211123122,2022-01-26 16:20:20.000,38.5,-166.8,549.4,1025.5,False,True,10.0,,16.0,16.0,15.0,15.0,IONIQ5
M2211123122,2022-01-26 16:20:20.000,38.5,-166.8,549.4,1025.5,False,True,10.0,,16.0,16.0,15.0,15.0,IONIQ5
M2211123122,2022-01-26 16:20:20.000,38.5,-166.8,549.4,1025.5,False,True,10.0,,16.0,16.0,15.0,15.0,IONIQ5
M2211123122,2022-01-26 16:20:29.000,39.0,-166.8,550.3,1025.7,False,True,10.0,,16.0,16.0,16.0,16.0,IONIQ5
M2211123122,2022-01-26 16:20:29.000,39.0,-166.8,550.3,1025.7,False,True,10.0,,16.0,16.0,16.0,16.0,IONIQ5
M2211123122,2022-01-26 16:20:29.000,39.0,-166.8,550.3,1025.7,False,True,10.0,,16.0,16.0,16.0,16.0,IONIQ5
M2211123122,2022-01-26 16:20:38.000,39.0,-166.8,551.0,1025.9,False,True,10.0,,16.0,16.0,16.0,16.0,IONIQ5
M2211123122,2022-01-26 16:20:38.000,39.0,-166.8,551.0,1025.9,False,True,10.0,,16.0,16.0,16.0,16.0,IONIQ5
M2211123122,2022-01-26 16:20:38.000,39.0,-166.8,551.0,1025.9,False,True,10.0,,16.0,16.0,16.0,16.0,IONIQ5
M2211123122,2022-01-26 16:20:47.000,39.5,-166.6,551.6,1026.0,False,True,10.0,,16.0,16.0,16.0,16.0,IONIQ5
M2211123122,2022-01-26 16:20:47.000,39.5,-166.6,551.6,1026.0,False,True,10.0,,16.0,16.0,16.0,16.0,IONIQ5
M2211123122,2022-01-26 16:20:47.000,39.5,-166.6,551.6,1026.0,False,True,10.0,,16.0,16.0,16.0,16.0,IONIQ5
M2211123122,2022-01-26 16:20:56.000,39.5,-167.4,552.1,1026.2,False,True,10.0,,16.0,16.0,16.0,16.0,IONIQ5
M2211123122,2022-01-26 16:20:56.000,39.5,-167.4,552.1,1026.2,False,True,10.0,,16.0,16.0,16.0,16.0,IONIQ5
M2211123122,2022-01-26 16:20:56.000,39.5,-167.4,552.1,1026.2,False,True,10.0,,16.0,16.0,16.0,16.0,IONIQ5
M2211123122,2022-01-26 16:21:05.000,40.0,-179.4,551.6,1026.4,False,True,10.0,,16.0,16.0,16.0,16.0,IONIQ5
M2211123122,2022-01-26 16:21:05.000,40.0,-179.4,551.6,1026.4,False,True,10.0,,16.0,16.0,16.0,16.0,IONIQ5
M2211123122,2022-01-26 16:21:05.000,40.0,-179.4,551.6,1026.4,False,True,10.0,,16.0,16.0,16.0,16.0,IONIQ5
M2211123122,2022-01-26 16:21:14.000,40.5,-147.0,551.1,1026.5,False,True,10.0,,17.0,17.0,16.0,16.0,IONIQ5
M2211123122,2022-01-26 16:21:14.000,40.5,-147.0,551.1,1026.5,False,True,10.0,,17.0,17.0,16.0,16.0,IONIQ5
M2211123122,2022-01-26 16:21:14.000,40.5,-147.0,551.1,1026.5,False,True,10.0,,17.0,17.0,16.0,16.0,IONIQ5
M2211123122,2022-01-26 16:21:23.000,40.5,-146.2,551.1,1026.7,False,True,10.0,,17.0,17.0,17.0,17.0,IONIQ5
M2211123122,2022-01-26 16:21:23.000,40.5,-146.2,551.1,1026.7,False,True,10.0,,17.0,17.0,17.0,17.0,IONIQ5
M2211123122,2022-01-26 16:21:23.000,40.5,-146.2,551.1,1026.7,False,True,10.0,,17.0,17.0,17.0,17.0,IONIQ5
M2211123122,2022-01-26 16:21:32.000,41.0,-147.9,551.4,1026.9,False,True,10.0,,17.0,17.0,17.0,17.0,IONIQ5
M2211123122,2022-01-26 16:21:32.000,41.0,-147.9,551.4,1026.9,False,True,10.0,,17.0,17.0,17.0,17.0,IONIQ5
M2211123122,2022-01-26 16:21:32.000,41.0,-147.9,551.4,1026.9,False,True,10.0,,17.0,17.0,17.0,17.0,IONIQ5
M2211123122,2022-01-26 16:21:41.000,41.0,-146.0,551.5,1027.0,False,True,10.0,,17.0,17.0,17.0,17.0,IONIQ5
M2211123122,2022-01-26 16:21:41.000,41.0,-146.0,551.5,1027.0,False,True,10.0,,17.0,17.0,17.0,17.0,IONIQ5
M2211123122,2022-01-26 16:21:41.000,41.0,-146.0,551.5,1027.0,False,True,10.0,,17.0,17.0,17.0,17.0,IONIQ5
M2211123122,2022-01-26 16:21:50.000,41.5,-146.8,551.7,1027.2,False,True,10.0,,17.0,17.0,17.0,17.0,IONIQ5
M2211123122,2022-01-26 16:21:50.000,41.5,-146.8,551.7,1027.2,False,True,10.0,,17.0,17.0,17.0,17.0,IONIQ5
M2211123122,2022-01-26 16:21:50.000,41.5,-146.8,551.7,1027.2,False,True,10.0,,17.0,17.0,17.0,17.0,IONIQ5
M2211123122,2022-01-26 16:21:59.000,41.5,-146.5,551.8,1027.4,False,True,10.0,,17.0,17.0,17.0,17.0,IONIQ5
M2211123122,2022-01-26 16:21:59.000,41.5,-146.5,551.8,1027.4,False,True,10.0,,17.0,17.0,17.0,17.0,IONIQ5
M2211123122,2022-01-26 16:21:59.000,41.5,-146.5,551.8,1027.4,False,True,10.0,,17.0,17.0,17.0,17.0,IONIQ5
M2211123122,2022-01-26 16:22:08.000,42.0,-146.5,552.1,1027.6,False,True,10.0,,18.0,18.0,18.0,17.0,IONIQ5
M2211123122,2022-01-26 16:22:08.000,42.0,-146.5,552.1,1027.6,False,True,10.0,,18.0,18.0,18.0,17.0,IONIQ5
M2211123122,2022-01-26 16:22:08.000,42.0,-146.5,552.1,1027.6,False,True,10.0,,18.0,18.0,18.0,17.0,IONIQ5
M2211123122,2022-01-26 16:22:17.000,42.0,-146.1,552.2,1027.8,False,True,10.0,,18.0,18.0,18.0,18.0,IONIQ5
M2211123122,2022-01-26 16:22:17.000,42.0,-146.1,552.2,1027.8,False,True,10.0,,18.0,18.0,18.0,18.0,IONIQ5
M2211123122,2022-01-26 16:22:17.000,42.0,-146.1,552.2,1027.8,False,True,10.0,,18.0,18.0,18.0,18.0,IONIQ5
M2211123122,2022-01-26 16:22:26.000,42.5,-146.1,552.4,1027.9,False,True,10.0,,18.0,18.0,18.0,18.0,IONIQ5
M2211123122,2022-01-26 16:22:26.000,42.5,-146.1,552.4,1027.9,False,True,10.0,,18.0,18.0,18.0,18.0,IONIQ5
M2211123122,2022-01-26 16:22:26.000,42.5,-146.1,552.4,1027.9,False,True,10.0,,18.0,18.0,18.0,18.0,IONIQ5
M2211123122,2022-01-26 16:22:35.000,43.0,-145.9,552.6,1028.1,False,True,10.0,,18.0,18.0,18.0,18.0,IONIQ5
M2211123122,2022-01-26 16:22:35.000,43.0,-145.9,552.6,1028.1,False,True,10.0,,18.0,18.0,18.0,18.0,IONIQ5
M2211123122,2022-01-26 16:22:35.000,43.0,-145.9,552.6,1028.1,False,True,10.0,,18.0,18.0,18.0,18.0,IONIQ5
M2211123122,2022-01-26 16:22:44.000,43.0,-147.2,552.9,1028.3,False,True,10.0,,18.0,18.0,18.0,18.0,IONIQ5
M2211123122,2022-01-26 16:22:44.000,43.0,-147.2,552.9,1028.3,False,True,10.0,,18.0,18.0,18.0,18.0,IONIQ5
M2211123122,2022-01-26 16:22:44.000,43.0,-147.2,552.9,1028.3,False,True,10.0,,18.0,18.0,18.0,18.0,IONIQ5
M2211123122,2022-01-26 16:22:53.000,43.5,-147.0,553.1,1028.5,False,True,10.0,,18.0,18.0,18.0,18.0,IONIQ5
M2211123122,2022-01-26 16:22:53.000,43.5,-147.0,553.1,1028.5,False,True,10.0,,18.0,18.0,18.0,18.0,IONIQ5
M2211123122,2022-01-26 16:22:53.000,43.5,-147.0,553.1,1028.5,False,True,10.0,,18.0,18.0,18.0,18.0,IONIQ5
M2211123122,2022-01-26 16:23:02.000,43.5,-146.8,553.3,1028.7,False,True,10.0,,19.0,19.0,19.0,19.0,IONIQ5
M2211123122,2022-01-26 16:23:02.000,43.5,-146.8,553.3,1028.7,False,True,10.0,,19.0,19.0,19.0,19.0,IONIQ5
M2211123122,2022-01-26 16:23:02.000,43.5,-146.8,553.3,1028.7,False,True,10.0,,19.0,19.0,19.0,19.0,IONIQ5
M2211123122,2022-01-26 16:23:11.000,44.0,-147.1,553.5,1028.9,False,True,10.0,,19.0,19.0,19.0,19.0,IONIQ5
M2211123122,2022-01-26 16:23:11.000,44.0,-147.1,553.5,1028.9,False,True,10.0,,19.0,19.0,19.0,19.0,IONIQ5
M2211123122,2022-01-26 16:23:11.000,44.0,-147.1,553.5,1028.9,False,True,10.0,,19.0,19.0,19.0,19.0,IONIQ5
M2211123122,2022-01-26 16:23:20.000,44.0,-147.0,553.7,1029.1,False,True,10.0,,19.0,19.0,19.0,19.0,IONIQ5
M2211123122,2022-01-26 16:23:20.000,44.0,-147.0,553.7,1029.1,False,True,10.0,,19.0,19.0,19.0,19.0,IONIQ5
M2211123122,2022-01-26 16:23:20.000,44.0,-147.0,553.7,1029.1,False,True,10.0,,19.0,19.0,19.0,19.0,IONIQ5
M2211123122,2022-01-26 16:23:29.000,44.5,-147.6,554.0,1029.2,False,True,10.0,,19.0,19.0,19.0,19.0,IONIQ5
M2211123122,2022-01-26 16:23:29.000,44.5,-147.6,554.0,1029.2,False,True,10.0,,19.0,19.0,19.0,19.0,IONIQ5
M2211123122,2022-01-26 16:23:29.000,44.5,-147.6,554.0,1029.2,False,True,10.0,,19.0,19.0,19.0,19.0,IONIQ5
M2211123122,2022-01-26 16:23:38.000,45.0,-146.2,554.1,1029.4,False,True,10.0,,19.0,19.0,19.0,19.0,IONIQ5
M2211123122,2022-01-26 16:23:38.000,45.0,-146.2,554.1,1029.4,False,True,10.0,,19.0,19.0,19.0,19.0,IONIQ5
M2211123122,2022-01-26 16:23:38.000,45.0,-146.2,554.1,1029.4,False,True,10.0,,19.0,19.0,19.0,19.0,IONIQ5
M2211123122,2022-01-26 16:23:47.000,45.0,-146.1,554.3,1029.6,False,True,10.0,,19.0,20.0,20.0,19.0,IONIQ5
M2211123122,2022-01-26 16:23:47.000,45.0,-146.1,554.3,1029.6,False,True,10.0,,19.0,20.0,20.0,19.0,IONIQ5
M2211123122,2022-01-26 16:23:47.000,45.0,-146.1,554.3,1029.6,False,True,10.0,,19.0,20.0,20.0,19.0,IONIQ5
M2211123122,2022-01-26 16:23:56.000,45.5,-146.0,554.5,1029.9,False,True,10.0,,20.0,20.0,20.0,20.0,IONIQ5
M2211123122,2022-01-26 16:23:56.000,45.5,-146.0,554.5,1029.9,False,True,10.0,,20.0,20.0,20.0,20.0,IONIQ5
M2211123122,2022-01-26 16:23:56.000,45.5,-146.0,554.5,1029.9,False,True,10.0,,20.0,20.0,20.0,20.0,IONIQ5
M2211123122,2022-01-26 16:24:05.000,46.0,-147.0,554.8,1030.1,False,True,10.0,,20.0,20.0,20.0,20.0,IONIQ5
M2211123122,2022-01-26 16:24:05.000,46.0,-147.0,554.8,1030.1,False,True,10.0,,20.0,20.0,20.0,20.0,IONIQ5
M2211123122,2022-01-26 16:24:05.000,46.0,-147.0,554.8,1030.1,False,True,10.0,,20.0,20.0,20.0,20.0,IONIQ5
M2211123122,2022-01-26 16:24:14.000,46.0,-146.0,554.9,1030.3,False,True,10.0,,20.0,20.0,20.0,20.0,IONIQ5
M2211123122,2022-01-26 16:24:14.000,46.0,-146.0,554.9,1030.3,False,True,10.0,,20.0,20.0,20.0,20.0,IONIQ5
M2211123122,2022-01-26 16:24:14.000,46.0,-146.0,554.9,1030.3,False,True,10.0,,20.0,20.0,20.0,20.0,IONIQ5
M2211123122,2022-01-26 16:24:23.000,46.5,-147.4,555.2,1030.5,False,True,10.0,,20.0,20.0,20.0,20.0,IONIQ5
M2211123122,2022-01-26 16:24:23.000,46.5,-147.4,555.2,1030.5,False,True,10.0,,20.0,20.0,20.0,20.0,IONIQ5
M2211123122,2022-01-26 16:24:23.000,46.5,-147.4,555.2,1030.5,False,True,10.0,,20.0,20.0,20.0,20.0,IONIQ5
M2211123122,2022-01-26 16:24:32.000,47.0,-147.0,555.4,1030.7,False,True,10.0,,20.0,20.0,20.0,20.0,IONIQ5
M2211123122,2022-01-26 16:24:32.000,47.0,-147.0,555.4,1030.7,False,True,10.0,,20.0,20.0,20.0,20.0,IONIQ5
M2211123122,2022-01-26 16:24:32.000,47.0,-147.0,555.4,1030.7,False,True,10.0,,20.0,20.0,20.0,20.0,IONIQ5
M2211123122,2022-01-26 16:24:41.000,47.0,-180.2,556.1,1030.9,False,True,10.0,,20.0,21.0,21.0,21.0,IONIQ5
M2211123122,2022-01-26 16:24:41.000,47.0,-180.2,556.1,1030.9,False,True,10.0,,20.0,21.0,21.0,21.0,IONIQ5
M2211123122,2022-01-26 16:24:41.000,47.0,-180.2,556.1,1030.9,False,True,10.0,,20.0,21.0,21.0,21.0,IONIQ5
M2211123122,2022-01-26 16:24:50.000,47.5,-200.0,560.1,1031.1,False,True,10.0,,21.0,21.0,21.0,21.0,IONIQ5
M2211123122,2022-01-26 16:24:50.000,47.5,-200.0,560.1,1031.1,False,True,10.0,,21.0,21.0,21.0,21.0,IONIQ5
M2211123122,2022-01-26 16:24:50.000,47.5,-200.0,560.1,1031.1,False,True,10.0,,21.0,21.0,21.0,21.0,IONIQ5
M2211123122,2022-01-26 16:24:59.000,48.0,-200.0,561.1,1031.4,False,True,10.0,,21.0,21.0,21.0,21.0,IONIQ5
M2211123122,2022-01-26 16:24:59.000,48.0,-200.0,561.1,1031.4,False,True,10.0,,21.0,21.0,21.0,21.0,IONIQ5
M2211123122,2022-01-26 16:24:59.000,48.0,-200.0,561.1,1031.4,False,True,10.0,,21.0,21.0,21.0,21.0,IONIQ5
M2211123122,2022-01-26 16:25:08.000,48.5,-199.9,561.9,1031.7,False,True,10.0,,21.0,21.0,21.0,21.0,IONIQ5
M2211123122,2022-01-26 16:25:08.000,48.5,-199.9,561.9,1031.7,False,True,10.0,,21.0,21.0,21.0,21.0,IONIQ5
M2211123122,2022-01-26 16:25:08.000,48.5,-199.9,561.9,1031.7,False,True,10.0,,21.0,21.0,21.0,21.0,IONIQ5
M2211123122,2022-01-26 16:25:17.000,49.0,-200.3,562.6,1032.0,False,True,10.0,,21.0,21.0,21.0,21.0,IONIQ5
M2211123122,2022-01-26 16:25:17.000,49.0,-200.3,562.6,1032.0,False,True,10.0,,21.0,21.0,21.0,21.0,IONIQ5
M2211123122,2022-01-26 16:25:17.000,49.0,-200.3,562.6,1032.0,False,True,10.0,,21.0,21.0,21.0,21.0,IONIQ5
M2211123122,2022-01-26 16:25:26.000,49.0,-200.4,563.2,1032.2,False,True,10.0,,21.0,22.0,22.0,22.0,IONIQ5
M2211123122,2022-01-26 16:25:26.000,49.0,-200.4,563.2,1032.2,False,True,10.0,,21.0,22.0,22.0,22.0,IONIQ5
M2211123122,2022-01-26 16:25:26.000,49.0,-200.4,563.2,1032.2,False,True,10.0,,21.0,22.0,22.0,22.0,IONIQ5
M2211123122,2022-01-26 16:25:35.000,49.5,-200.3,563.8,1032.5,False,True,10.0,,22.0,22.0,22.0,22.0,IONIQ5
M2211123122,2022-01-26 16:25:35.000,49.5,-200.3,563.8,1032.5,False,True,10.0,,22.0,22.0,22.0,22.0,IONIQ5
M2211123122,2022-01-26 16:25:35.000,49.5,-200.3,563.8,1032.5,False,True,10.0,,22.0,22.0,22.0,22.0,IONIQ5
M2211123122,2022-01-26 16:25:44.000,50.0,-200.2,564.3,1032.7,False,True,10.0,,22.0,22.0,22.0,22.0,IONIQ5
M2211123122,2022-01-26 16:25:44.000,50.0,-200.2,564.3,1032.7,False,True,10.0,,22.0,22.0,22.0,22.0,IONIQ5
M2211123122,2022-01-26 16:25:44.000,50.0,-200.2,564.3,1032.7,False,True,10.0,,22.0,22.0,22.0,22.0,IONIQ5
M2211123122,2022-01-26 16:25:53.000,50.5,-200.3,564.8,1032.9,False,True,10.0,,22.0,22.0,22.0,22.0,IONIQ5
M2211123122,2022-01-26 16:25:53.000,50.5,-200.3,564.8,1032.9,False,True,10.0,,22.0,22.0,22.0,22.0,IONIQ5
M2211123122,2022-01-26 16:25:53.000,50.5,-200.3,564.8,1032.9,False,True,10.0,,22.0,22.0,22.0,22.0,IONIQ5
M2211123122,2022-01-26 16:26:02.000,50.5,-200.4,565.3,1033.1,False,True,10.0,,22.0,23.0,23.0,23.0,IONIQ5
M2211123122,2022-01-26 16:26:02.000,50.5,-200.4,565.3,1033.1,False,True,10.0,,22.0,23.0,23.0,23.0,IONIQ5
M2211123122,2022-01-26 16:26:02.000,50.5,-200.4,565.3,1033.1,False,True,10.0,,22.0,23.0,23.0,23.0,IONIQ5
M2211123122,2022-01-26 16:26:11.000,51.0,-200.3,565.8,1033.3,False,True,10.0,,22.0,23.0,23.0,23.0,IONIQ5
M2211123122,2022-01-26 16:26:11.000,51.0,-200.3,565.8,1033.3,False,True,10.0,,22.0,23.0,23.0,23.0,IONIQ5
M2211123122,2022-01-26 16:26:11.000,51.0,-200.3,565.8,1033.3,False,True,10.0,,22.0,23.0,23.0,23.0,IONIQ5
M2211123122,2022-01-26 16:26:20.000,51.5,-200.0,566.3,1033.6,False,True,10.0,,23.0,23.0,23.0,23.0,IONIQ5
M2211123122,2022-01-26 16:26:20.000,51.5,-200.0,566.3,1033.6,False,True,10.0,,23.0,23.0,23.0,23.0,IONIQ5
M2211123122,2022-01-26 16:26:20.000,51.5,-200.0,566.3,1033.6,False,True,10.0,,23.0,23.0,23.0,23.0,IONIQ5
M2211123122,2022-01-26 16:26:30.000,51.5,-199.9,566.8,1033.8,False,True,10.0,,23.0,23.0,23.0,23.0,IONIQ5
M2211123122,2022-01-26 16:26:30.000,51.5,-199.9,566.8,1033.8,False,True,10.0,,23.0,23.0,23.0,23.0,IONIQ5
M2211123122,2022-01-26 16:26:30.000,51.5,-199.9,566.8,1033.8,False,True,10.0,,23.0,23.0,23.0,23.0,IONIQ5
M2211123122,2022-01-26 16:26:39.000,52.0,-200.2,567.3,1034.1,False,True,10.0,,23.0,23.0,23.0,24.0,IONIQ5
M2211123122,2022-01-26 16:26:39.000,52.0,-200.2,567.3,1034.1,False,True,10.0,,23.0,23.0,23.0,24.0,IONIQ5
M2211123122,2022-01-26 16:26:39.000,52.0,-200.2,567.3,1034.1,False,True,10.0,,23.0,23.0,23.0,24.0,IONIQ5
M2211123122,2022-01-26 16:26:48.000,52.5,-200.0,567.7,1034.3,False,True,10.0,,23.0,24.0,24.0,24.0,IONIQ5
M2211123122,2022-01-26 16:26:48.000,52.5,-200.0,567.7,1034.3,False,True,10.0,,23.0,24.0,24.0,24.0,IONIQ5
M2211123122,2022-01-26 16:26:48.000,52.5,-200.0,567.7,1034.3,False,True,10.0,,23.0,24.0,24.0,24.0,IONIQ5
M2211123122,2022-01-26 16:26:57.000,53.0,-199.5,568.2,1034.6,False,True,10.0,,23.0,24.0,24.0,24.0,IONIQ5
M2211123122,2022-01-26 16:26:57.000,53.0,-199.5,568.2,1034.6,False,True,10.0,,23.0,24.0,24.0,24.0,IONIQ5
M2211123122,2022-01-26 16:26:57.000,53.0,-199.5,568.2,1034.6,False,True,10.0,,23.0,24.0,24.0,24.0,IONIQ5
M2211123122,2022-01-26 16:27:06.000,53.5,-199.7,568.7,1034.9,False,True,10.0,,24.0,24.0,24.0,24.0,IONIQ5
M2211123122,2022-01-26 16:27:06.000,53.5,-199.7,568.7,1034.9,False,True,10.0,,24.0,24.0,24.0,24.0,IONIQ5
M2211123122,2022-01-26 16:27:06.000,53.5,-199.7,568.7,1034.9,False,True,10.0,,24.0,24.0,24.0,24.0,IONIQ5
M2211123122,2022-01-26 16:27:15.000,54.0,-199.6,569.2,1035.2,False,True,10.0,,24.0,24.0,24.0,24.0,IONIQ5
M2211123122,2022-01-26 16:27:15.000,54.0,-199.6,569.2,1035.2,False,True,10.0,,24.0,24.0,24.0,24.0,IONIQ5
M2211123122,2022-01-26 16:27:15.000,54.0,-199.6,569.2,1035.2,False,True,10.0,,24.0,24.0,24.0,24.0,IONIQ5
M2211123122,2022-01-26 16:27:24.000,54.0,-200.5,569.7,1035.5,False,True,10.0,,24.0,25.0,25.0,25.0,IONIQ5
M2211123122,2022-01-26 16:27:24.000,54.0,-200.5,569.7,1035.5,False,True,10.0,,24.0,25.0,25.0,25.0,IONIQ5
M2211123122,2022-01-26 16:27:24.000,54.0,-200.5,569.7,1035.5,False,True,10.0,,24.0,25.0,25.0,25.0,IONIQ5
M2211123122,2022-01-26 16:27:33.000,54.5,-200.5,570.2,1035.8,False,True,10.0,,24.0,25.0,25.0,25.0,IONIQ5
M2211123122,2022-01-26 16:27:33.000,54.5,-200.5,570.2,1035.8,False,True,10.0,,24.0,25.0,25.0,25.0,IONIQ5
M2211123122,2022-01-26 16:27:33.000,54.5,-200.5,570.2,1035.8,False,True,10.0,,24.0,25.0,25.0,25.0,IONIQ5
M2211123122,2022-01-26 16:27:42.000,55.0,-200.1,570.6,1036.0,False,True,10.0,,25.0,25.0,25.0,25.0,IONIQ5
M2211123122,2022-01-26 16:27:42.000,55.0,-200.1,570.6,1036.0,False,True,10.0,,25.0,25.0,25.0,25.0,IONIQ5
M2211123122,2022-01-26 16:27:42.000,55.0,-200.1,570.6,1036.0,False,True,10.0,,25.0,25.0,25.0,25.0,IONIQ5
M2211123122,2022-01-26 16:27:51.000,55.5,-200.2,571.2,1036.3,False,True,10.0,,25.0,25.0,25.0,25.0,IONIQ5
M2211123122,2022-01-26 16:27:51.000,55.5,-200.2,571.2,1036.3,False,True,10.0,,25.0,25.0,25.0,25.0,IONIQ5
M2211123122,2022-01-26 16:27:51.000,55.5,-200.2,571.2,1036.3,False,True,10.0,,25.0,25.0,25.0,25.0,IONIQ5
M2211123122,2022-01-26 16:28:00.000,56.0,-200.2,571.7,1036.6,False,True,10.0,,25.0,26.0,25.0,26.0,IONIQ5
M2211123122,2022-01-26 16:28:00.000,56.0,-200.2,571.7,1036.6,False,True,10.0,,25.0,26.0,25.0,26.0,IONIQ5
M2211123122,2022-01-26 16:28:00.000,56.0,-200.2,571.7,1036.6,False,True,10.0,,25.0,26.0,25.0,26.0,IONIQ5
M2211123122,2022-01-26 16:28:09.000,56.5,-200.2,572.2,1036.9,False,True,10.0,,25.0,26.0,26.0,26.0,IONIQ5
M2211123122,2022-01-26 16:28:09.000,56.5,-200.2,572.2,1036.9,False,True,10.0,,25.0,26.0,26.0,26.0,IONIQ5
M2211123122,2022-01-26 16:28:09.000,56.5,-200.2,572.2,1036.9,False,True,10.0,,25.0,26.0,26.0,26.0,IONIQ5
M2211123122,2022-01-26 16:28:18.000,57.0,-168.6,570.3,1037.1,False,True,10.0,,25.0,26.0,26.0,26.0,IONIQ5
M2211123122,2022-01-26 16:28:18.000,57.0,-168.6,570.3,1037.1,False,True,10.0,,25.0,26.0,26.0,26.0,IONIQ5
M2211123122,2022-01-26 16:28:18.000,57.0,-168.6,570.3,1037.1,False,True,10.0,,25.0,26.0,26.0,26.0,IONIQ5
M2211123122,2022-01-26 16:28:27.000,57.0,-168.6,570.3,1037.4,False,True,10.0,,25.0,26.0,26.0,26.0,IONIQ5
M2211123122,2022-01-26 16:28:27.000,57.0,-168.6,570.3,1037.4,False,True,10.0,,25.0,26.0,26.0,26.0,IONIQ5
M2211123122,2022-01-26 16:28:27.000,57.0,-168.6,570.3,1037.4,False,True,10.0,,25.0,26.0,26.0,26.0,IONIQ5
M2211123122,2022-01-26 16:28:36.000,57.5,-168.5,570.4,1037.6,False,True,10.0,,26.0,26.0,26.0,27.0,IONIQ5
M2211123122,2022-01-26 16:28:36.000,57.5,-168.5,570.4,1037.6,False,True,10.0,,26.0,26.0,26.0,27.0,IONIQ5
M2211123122,2022-01-26 16:28:36.000,57.5,-168.5,570.4,1037.6,False,True,10.0,,26.0,26.0,26.0,27.0,IONIQ5
M2211123122,2022-01-26 16:28:45.000,58.0,-168.4,570.7,1037.8,False,True,10.0,,26.0,27.0,26.0,27.0,IONIQ5
M2211123122,2022-01-26 16:28:45.000,58.0,-168.4,570.7,1037.8,False,True,10.0,,26.0,27.0,26.0,27.0,IONIQ5
M2211123122,2022-01-26 16:28:45.000,58.0,-168.4,570.7,1037.8,False,True,10.0,,26.0,27.0,26.0,27.0,IONIQ5
M2211123122,2022-01-26 16:28:54.000,58.0,-168.4,571.0,1038.1,False,True,10.0,,26.0,27.0,27.0,27.0,IONIQ5
M2211123122,2022-01-26 16:28:54.000,58.0,-168.4,571.0,1038.1,False,True,10.0,,26.0,27.0,27.0,27.0,IONIQ5
M2211123122,2022-01-26 16:28:54.000,58.0,-168.4,571.0,1038.1,False,True,10.0,,26.0,27.0,27.0,27.0,IONIQ5
M2211123122,2022-01-26 16:29:03.000,58.5,-168.4,571.3,1038.3,False,True,10.0,,26.0,27.0,27.0,27.0,IONIQ5
M2211123122,2022-01-26 16:29:03.000,58.5,-168.4,571.3,1038.3,False,True,10.0,,26.0,27.0,27.0,27.0,IONIQ5
M2211123122,2022-01-26 16:29:03.000,58.5,-168.4,571.3,1038.3,False,True,10.0,,26.0,27.0,27.0,27.0,IONIQ5
M2211123122,2022-01-26 16:29:12.000,59.0,-168.5,571.7,1038.6,False,True,10.0,,26.0,27.0,27.0,27.0,IONIQ5
M2211123122,2022-01-26 16:29:12.000,59.0,-168.5,571.7,1038.6,False,True,10.0,,26.0,27.0,27.0,27.0,IONIQ5
M2211123122,2022-01-26 16:29:12.000,59.0,-168.5,571.7,1038.6,False,True,10.0,,26.0,27.0,27.0,27.0,IONIQ5
M2211123122,2022-01-26 16:29:21.000,59.5,-168.4,572.1,1038.8,False,True,10.0,,26.0,27.0,27.0,28.0,IONIQ5
M2211123122,2022-01-26 16:29:21.000,59.5,-168.4,572.1,1038.8,False,True,10.0,,26.0,27.0,27.0,28.0,IONIQ5
M2211123122,2022-01-26 16:29:21.000,59.5,-168.4,572.1,1038.8,False,True,10.0,,26.0,27.0,27.0,28.0,IONIQ5
M2211123122,2022-01-26 16:29:30.000,59.5,-168.5,572.4,1039.1,False,True,10.0,,26.0,28.0,27.0,28.0,IONIQ5
M2211123122,2022-01-26 16:29:30.000,59.5,-168.5,572.4,1039.1,False,True,10.0,,26.0,28.0,27.0,28.0,IONIQ5
M2211123122,2022-01-26 16:29:30.000,59.5,-168.5,572.4,1039.1,False,True,10.0,,26.0,28.0,27.0,28.0,IONIQ5
M2211123122,2022-01-26 16:29:39.000,60.0,-168.5,572.9,1039.3,False,True,10.0,,27.0,28.0,27.0,28.0,IONIQ5
M2211123122,2022-01-26 16:29:39.000,60.0,-168.5,572.9,1039.3,False,True,10.0,,27.0,28.0,27.0,28.0,IONIQ5
M2211123122,2022-01-26 16:29:39.000,60.0,-168.5,572.9,1039.3,False,True,10.0,,27.0,28.0,27.0,28.0,IONIQ5
M2211123122,2022-01-26 16:29:48.000,60.5,-168.5,573.3,1039.5,False,True,10.0,,27.0,28.0,27.0,28.0,IONIQ5
M2211123122,2022-01-26 16:29:48.000,60.5,-168.5,573.3,1039.5,False,True,10.0,,27.0,28.0,27.0,28.0,IONIQ5
M2211123122,2022-01-26 16:29:48.000,60.5,-168.5,573.3,1039.5,False,True,10.0,,27.0,28.0,27.0,28.0,IONIQ5
M2211123122,2022-01-26 16:29:57.000,61.0,-168.6,573.7,1039.8,False,True,10.0,,27.0,28.0,28.0,28.0,IONIQ5
M2211123122,2022-01-26 16:29:57.000,61.0,-168.6,573.7,1039.8,False,True,10.0,,27.0,28.0,28.0,28.0,IONIQ5
M2211123122,2022-01-26 16:29:57.000,61.0,-168.6,573.7,1039.8,False,True,10.0,,27.0,28.0,28.0,28.0,IONIQ5
M2211123122,2022-01-26 16:30:06.000,61.0,-168.4,574.2,1040.0,False,True,10.0,,27.0,28.0,28.0,28.0,IONIQ5
M2211123122,2022-01-26 16:30:06.000,61.0,-168.4,574.2,1040.0,False,True,10.0,,27.0,28.0,28.0,28.0,IONIQ5
M2211123122,2022-01-26 16:30:06.000,61.0,-168.4,574.2,1040.0,False,True,10.0,,27.0,28.0,28.0,28.0,IONIQ5
M2211123122,2022-01-26 16:30:15.000,61.5,-168.5,574.6,1040.3,False,True,10.0,,27.0,28.0,28.0,29.0,IONIQ5
M2211123122,2022-01-26 16:30:15.000,61.5,-168.5,574.6,1040.3,False,True,10.0,,27.0,28.0,28.0,29.0,IONIQ5
M2211123122,2022-01-26 16:30:15.000,61.5,-168.5,574.6,1040.3,False,True,10.0,,27.0,28.0,28.0,29.0,IONIQ5
M2211123122,2022-01-26 16:30:24.000,62.0,-168.6,575.1,1040.5,False,True,10.0,,27.0,29.0,28.0,29.0,IONIQ5
M2211123122,2022-01-26 16:30:24.000,62.0,-168.6,575.1,1040.5,False,True,10.0,,27.0,29.0,28.0,29.0,IONIQ5
M2211123122,2022-01-26 16:30:24.000,62.0,-168.6,575.1,1040.5,False,True,10.0,,27.0,29.0,28.0,29.0,IONIQ5
M2211123122,2022-01-26 16:30:33.000,62.5,-168.4,575.5,1040.7,False,True,10.0,,27.0,29.0,28.0,29.0,IONIQ5
M2211123122,2022-01-26 16:30:33.000,62.5,-168.4,575.5,1040.7,False,True,10.0,,27.0,29.0,28.0,29.0,IONIQ5
M2211123122,2022-01-26 16:30:33.000,62.5,-168.4,575.5,1040.7,False,True,10.0,,27.0,29.0,28.0,29.0,IONIQ5
M2211123122,2022-01-26 16:30:42.000,62.5,-168.5,576.0,1041.0,False,True,10.0,,27.0,29.0,28.0,29.0,IONIQ5
M2211123122,2022-01-26 16:30:42.000,62.5,-168.5,576.0,1041.0,False,True,10.0,,27.0,29.0,28.0,29.0,IONIQ5
M2211123122,2022-01-26 16:30:42.000,62.5,-168.5,576.0,1041.0,False,True,10.0,,27.0,29.0,28.0,29.0,IONIQ5
M2211123122,2022-01-26 16:30:51.000,63.0,-168.5,576.5,1041.2,False,True,10.0,,28.0,29.0,28.0,29.0,IONIQ5
M2211123122,2022-01-26 16:30:51.000,63.0,-168.5,576.5,1041.2,False,True,10.0,,28.0,29.0,28.0,29.0,IONIQ5
M2211123122,2022-01-26 16:30:51.000,63.0,-168.5,576.5,1041.2,False,True,10.0,,28.0,29.0,28.0,29.0,IONIQ5
M2211123122,2022-01-26 16:31:00.000,63.5,-168.4,577.0,1041.5,False,True,10.0,,28.0,29.0,28.0,29.0,IONIQ5
M2211123122,2022-01-26 16:31:00.000,63.5,-168.4,577.0,1041.5,False,True,10.0,,28.0,29.0,28.0,29.0,IONIQ5
M2211123122,2022-01-26 16:31:00.000,63.5,-168.4,577.0,1041.5,False,True,10.0,,28.0,29.0,28.0,29.0,IONIQ5
M2211123122,2022-01-26 16:31:09.000,63.5,-168.5,577.5,1041.7,False,True,10.0,,28.0,29.0,29.0,30.0,IONIQ5
M2211123122,2022-01-26 16:31:09.000,63.5,-168.5,577.5,1041.7,False,True,10.0,,28.0,29.0,29.0,30.0,IONIQ5
M2211123122,2022-01-26 16:31:09.000,63.5,-168.5,577.5,1041.7,False,True,10.0,,28.0,29.0,29.0,30.0,IONIQ5
M2211123122,2022-01-26 16:31:18.000,64.0,-168.4,577.9,1042.0,False,True,10.0,,28.0,30.0,29.0,30.0,IONIQ5
M2211123122,2022-01-26 16:31:18.000,64.0,-168.4,577.9,1042.0,False,True,10.0,,28.0,30.0,29.0,30.0,IONIQ5
M2211123122,2022-01-26 16:31:18.000,64.0,-168.4,577.9,1042.0,False,True,10.0,,28.0,30.0,29.0,30.0,IONIQ5
M2211123122,2022-01-26 16:31:27.000,64.5,-168.5,578.4,1042.2,False,True,10.0,,28.0,30.0,29.0,30.0,IONIQ5
M2211123122,2022-01-26 16:31:27.000,64.5,-168.5,578.4,1042.2,False,True,10.0,,28.0,30.0,29.0,30.0,IONIQ5
M2211123122,2022-01-26 16:31:27.000,64.5,-168.5,578.4,1042.2,False,True,10.0,,28.0,30.0,29.0,30.0,IONIQ5
M2211123122,2022-01-26 16:31:36.000,65.0,-168.4,578.9,1042.4,False,True,10.0,,28.0,30.0,29.0,30.0,IONIQ5
M2211123122,2022-01-26 16:31:36.000,65.0,-168.4,578.9,1042.4,False,True,10.0,,28.0,30.0,29.0,30.0,IONIQ5
M2211123122,2022-01-26 16:31:36.000,65.0,-168.4,578.9,1042.4,False,True,10.0,,28.0,30.0,29.0,30.0,IONIQ5
M2211123122,2022-01-26 16:31:45.000,65.0,-168.4,579.4,1042.7,False,True,10.0,,28.0,30.0,29.0,30.0,IONIQ5
M2211123122,2022-01-26 16:31:45.000,65.0,-168.4,579.4,1042.7,False,True,10.0,,28.0,30.0,29.0,30.0,IONIQ5
M2211123122,2022-01-26 16:31:45.000,65.0,-168.4,579.4,1042.7,False,True,10.0,,28.0,30.0,29.0,30.0,IONIQ5
M2211123122,2022-01-26 16:31:54.000,65.5,-168.5,579.9,1042.9,False,True,10.0,,28.0,30.0,29.0,30.0,IONIQ5
M2211123122,2022-01-26 16:31:54.000,65.5,-168.5,579.9,1042.9,False,True,10.0,,28.0,30.0,29.0,30.0,IONIQ5
M2211123122,2022-01-26 16:31:54.000,65.5,-168.5,579.9,1042.9,False,True,10.0,,28.0,30.0,29.0,30.0,IONIQ5
M2211123122,2022-01-26 16:32:03.000,66.0,-168.6,580.3,1043.2,False,True,10.0,,28.0,30.0,29.0,31.0,IONIQ5
M2211123122,2022-01-26 16:32:03.000,66.0,-168.6,580.3,1043.2,False,True,10.0,,28.0,30.0,29.0,31.0,IONIQ5
M2211123122,2022-01-26 16:32:03.000,66.0,-168.6,580.3,1043.2,False,True,10.0,,28.0,30.0,29.0,31.0,IONIQ5
M2211123122,2022-01-26 16:32:12.000,66.5,-168.6,580.8,1043.4,False,True,10.0,,28.0,31.0,29.0,31.0,IONIQ5
M2211123122,2022-01-26 16:32:12.000,66.5,-168.6,580.8,1043.4,False,True,10.0,,28.0,31.0,29.0,31.0,IONIQ5
M2211123122,2022-01-26 16:32:12.000,66.5,-168.6,580.8,1043.4,False,True,10.0,,28.0,31.0,29.0,31.0,IONIQ5
M2211123122,2022-01-26 16:32:21.000,66.5,-168.4,581.3,1043.7,False,True,10.0,,29.0,31.0,29.0,31.0,IONIQ5
M2211123122,2022-01-26 16:32:21.000,66.5,-168.4,581.3,1043.7,False,True,10.0,,29.0,31.0,29.0,31.0,IONIQ5
M2211123122,2022-01-26 16:32:21.000,66.5,-168.4,581.3,1043.7,False,True,10.0,,29.0,31.0,29.0,31.0,IONIQ5
M2211123122,2022-01-26 16:32:30.000,67.0,-168.5,581.8,1043.9,False,True,10.0,,29.0,31.0,30.0,31.0,IONIQ5
M2211123122,2022-01-26 16:32:30.000,67.0,-168.5,581.8,1043.9,False,True,10.0,,29.0,31.0,30.0,31.0,IONIQ5
M2211123122,2022-01-26 16:32:30.000,67.0,-168.5,581.8,1043.9,False,True,10.0,,29.0,31.0,30.0,31.0,IONIQ5
M2211123122,2022-01-26 16:32:39.000,67.5,-168.5,582.3,1044.2,False,True,10.0,,29.0,31.0,30.0,31.0,IONIQ5
M2211123122,2022-01-26 16:32:39.000,67.5,-168.5,582.3,1044.2,False,True,10.0,,29.0,31.0,30.0,31.0,IONIQ5
M2211123122,2022-01-26 16:32:39.000,67.5,-168.5,582.3,1044.2,False,True,10.0,,29.0,31.0,30.0,31.0,IONIQ5
M2211123122,2022-01-26 16:32:48.000,68.0,-168.6,582.8,1044.4,False,True,10.0,,29.0,31.0,30.0,31.0,IONIQ5
M2211123122,2022-01-26 16:32:48.000,68.0,-168.6,582.8,1044.4,False,True,10.0,,29.0,31.0,30.0,31.0,IONIQ5
M2211123122,2022-01-26 16:32:48.000,68.0,-168.6,582.8,1044.4,False,True,10.0,,29.0,31.0,30.0,31.0,IONIQ5
M2211123122,2022-01-26 16:32:57.000,68.0,-168.3,583.3,1044.6,False,True,10.0,,29.0,31.0,30.0,32.0,IONIQ5
M2211123122,2022-01-26 16:32:57.000,68.0,-168.3,583.3,1044.6,False,True,10.0,,29.0,31.0,30.0,32.0,IONIQ5
M2211123122,2022-01-26 16:32:57.000,68.0,-168.3,583.3,1044.6,False,True,10.0,,29.0,31.0,30.0,32.0,IONIQ5
M2211123122,2022-01-26 16:33:06.000,68.5,-168.4,583.8,1044.9,False,True,10.0,,29.0,32.0,30.0,32.0,IONIQ5
M2211123122,2022-01-26 16:33:06.000,68.5,-168.4,583.8,1044.9,False,True,10.0,,29.0,32.0,30.0,32.0,IONIQ5
M2211123122,2022-01-26 16:33:06.000,68.5,-168.4,583.8,1044.9,False,True,10.0,,29.0,32.0,30.0,32.0,IONIQ5
M2211123122,2022-01-26 16:33:15.000,69.0,-168.5,584.3,1045.1,False,True,10.0,,29.0,32.0,30.0,32.0,IONIQ5
M2211123122,2022-01-26 16:33:15.000,69.0,-168.5,584.3,1045.1,False,True,10.0,,29.0,32.0,30.0,32.0,IONIQ5
M2211123122,2022-01-26 16:33:15.000,69.0,-168.5,584.3,1045.1,False,True,10.0,,29.0,32.0,30.0,32.0,IONIQ5
M2211123122,2022-01-26 16:33:24.000,69.5,-168.6,584.8,1045.4,False,True,10.0,,29.0,32.0,30.0,32.0,IONIQ5
M2211123122,2022-01-26 16:33:24.000,69.5,-168.6,584.8,1045.4,False,True,10.0,,29.0,32.0,30.0,32.0,IONIQ5
M2211123122,2022-01-26 16:33:24.000,69.5,-168.6,584.8,1045.4,False,True,10.0,,29.0,32.0,30.0,32.0,IONIQ5
M2211123122,2022-01-26 16:33:33.000,69.5,-168.3,585.4,1045.6,False,True,10.0,,29.0,32.0,30.0,32.0,IONIQ5
M2211123122,2022-01-26 16:33:33.000,69.5,-168.3,585.4,1045.6,False,True,10.0,,29.0,32.0,30.0,32.0,IONIQ5
M2211123122,2022-01-26 16:33:33.000,69.5,-168.3,585.4,1045.6,False,True,10.0,,29.0,32.0,30.0,32.0,IONIQ5
M2211123122,2022-01-26 16:33:42.000,70.0,-168.4,585.9,1045.9,False,True,10.0,,29.0,32.0,30.0,32.0,IONIQ5
M2211123122,2022-01-26 16:33:42.000,70.0,-168.4,585.9,1045.9,False,True,10.0,,29.0,32.0,30.0,32.0,IONIQ5
M2211123122,2022-01-26 16:33:42.000,70.0,-168.4,585.9,1045.9,False,True,10.0,,29.0,32.0,30.0,32.0,IONIQ5
M2211123122,2022-01-26 16:33:51.000,70.5,-168.5,586.4,1046.1,False,True,10.0,,29.0,32.0,31.0,32.0,IONIQ5
M2211123122,2022-01-26 16:33:51.000,70.5,-168.5,586.4,1046.1,False,True,10.0,,29.0,32.0,31.0,32.0,IONIQ5
M2211123122,2022-01-26 16:33:51.000,70.5,-168.5,586.4,1046.1,False,True,10.0,,29.0,32.0,31.0,32.0,IONIQ5
M2211123122,2022-01-26 16:34:00.000,71.0,-168.5,586.9,1046.4,False,True,10.0,,29.0,32.0,31.0,33.0,IONIQ5
M2211123122,2022-01-26 16:34:00.000,71.0,-168.5,586.9,1046.4,False,True,10.0,,29.0,32.0,31.0,33.0,IONIQ5
M2211123122,2022-01-26 16:34:00.000,71.0,-168.5,586.9,1046.4,False,True,10.0,,29.0,32.0,31.0,33.0,IONIQ5
M2211123122,2022-01-26 16:34:09.000,71.0,-168.5,587.5,1046.6,False,True,10.0,,30.0,33.0,31.0,33.0,IONIQ5
M2211123122,2022-01-26 16:34:09.000,71.0,-168.5,587.5,1046.6,False,True,10.0,,30.0,33.0,31.0,33.0,IONIQ5
M2211123122,2022-01-26 16:34:09.000,71.0,-168.5,587.5,1046.6,False,True,10.0,,30.0,33.0,31.0,33.0,IONIQ5
M2211123122,2022-01-26 16:34:18.000,71.5,-168.5,588.0,1046.9,False,True,10.0,,30.0,33.0,31.0,33.0,IONIQ5
M2211123122,2022-01-26 16:34:18.000,71.5,-168.5,588.0,1046.9,False,True,10.0,,30.0,33.0,31.0,33.0,IONIQ5
M2211123122,2022-01-26 16:34:18.000,71.5,-168.5,588.0,1046.9,False,True,10.0,,30.0,33.0,31.0,33.0,IONIQ5
M2211123122,2022-01-26 16:34:27.000,72.0,-168.5,588.5,1047.1,False,True,10.0,,30.0,33.0,31.0,33.0,IONIQ5
M2211123122,2022-01-26 16:34:27.000,72.0,-168.5,588.5,1047.1,False,True,10.0,,30.0,33.0,31.0,33.0,IONIQ5
M2211123122,2022-01-26 16:34:27.000,72.0,-168.5,588.5,1047.1,False,True,10.0,,30.0,33.0,31.0,33.0,IONIQ5
M2211123122,2022-01-26 16:34:36.000,72.5,-168.5,589.1,1047.4,False,True,10.0,,30.0,33.0,31.0,33.0,IONIQ5
M2211123122,2022-01-26 16:34:36.000,72.5,-168.5,589.1,1047.4,False,True,10.0,,30.0,33.0,31.0,33.0,IONIQ5
M2211123122,2022-01-26 16:34:36.000,72.5,-168.5,589.1,1047.4,False,True,10.0,,30.0,33.0,31.0,33.0,IONIQ5
M2211123122,2022-01-26 16:34:45.000,72.5,-168.4,589.6,1047.6,False,True,10.0,,30.0,33.0,31.0,33.0,IONIQ5
M2211123122,2022-01-26 16:34:45.000,72.5,-168.4,589.6,1047.6,False,True,10.0,,30.0,33.0,31.0,33.0,IONIQ5
M2211123122,2022-01-26 16:34:45.000,72.5,-168.4,589.6,1047.6,False,True,10.0,,30.0,33.0,31.0,33.0,IONIQ5
M2211123122,2022-01-26 16:34:54.000,73.0,-168.4,590.2,1047.9,False,True,10.0,,30.0,33.0,31.0,33.0,IONIQ5
M2211123122,2022-01-26 16:34:54.000,73.0,-168.4,590.2,1047.9,False,True,10.0,,30.0,33.0,31.0,33.0,IONIQ5
M2211123122,2022-01-26 16:34:54.000,73.0,-168.4,590.2,1047.9,False,True,10.0,,30.0,33.0,31.0,33.0,IONIQ5
M2211123122,2022-01-26 16:35:03.000,73.5,-168.4,590.7,1048.1,False,True,10.0,,30.0,33.0,31.0,34.0,IONIQ5
M2211123122,2022-01-26 16:35:03.000,73.5,-168.4,590.7,1048.1,False,True,10.0,,30.0,33.0,31.0,34.0,IONIQ5
M2211123122,2022-01-26 16:35:03.000,73.5,-168.4,590.7,1048.1,False,True,10.0,,30.0,33.0,31.0,34.0,IONIQ5
M2211123122,2022-01-26 16:35:12.000,73.5,-168.5,591.3,1048.4,False,True,10.0,,30.0,34.0,31.0,34.0,IONIQ5
M2211123122,2022-01-26 16:35:12.000,73.5,-168.5,591.3,1048.4,False,True,10.0,,30.0,34.0,31.0,34.0,IONIQ5
M2211123122,2022-01-26 16:35:12.000,73.5,-168.5,591.3,1048.4,False,True,10.0,,30.0,34.0,31.0,34.0,IONIQ5
M2211123122,2022-01-26 16:35:21.000,74.0,-168.6,591.9,1048.6,False,True,10.0,,30.0,34.0,31.0,34.0,IONIQ5
M2211123122,2022-01-26 16:35:21.000,74.0,-168.6,591.9,1048.6,False,True,10.0,,30.0,34.0,31.0,34.0,IONIQ5
M2211123122,2022-01-26 16:35:21.000,74.0,-168.6,591.9,1048.6,False,True,10.0,,30.0,34.0,31.0,34.0,IONIQ5
M2211123122,2022-01-26 16:35:30.000,74.5,-168.4,592.5,1048.9,False,True,10.0,,30.0,34.0,32.0,34.0,IONIQ5
M2211123122,2022-01-26 16:35:30.000,74.5,-168.4,592.5,1048.9,False,True,10.0,,30.0,34.0,32.0,34.0,IONIQ5
M2211123122,2022-01-26 16:35:30.000,74.5,-168.4,592.5,1048.9,False,True,10.0,,30.0,34.0,32.0,34.0,IONIQ5
M2211123122,2022-01-26 16:35:39.000,75.0,-168.5,593.1,1049.1,False,True,10.0,,31.0,34.0,32.0,34.0,IONIQ5
M2211123122,2022-01-26 16:35:39.000,75.0,-168.5,593.1,1049.1,False,True,10.0,,31.0,34.0,32.0,34.0,IONIQ5
M2211123122,2022-01-26 16:35:39.000,75.0,-168.5,593.1,1049.1,False,True,10.0,,31.0,34.0,32.0,34.0,IONIQ5
M2211123122,2022-01-26 16:35:48.000,75.0,-168.5,593.6,1049.4,False,True,10.0,,31.0,34.0,32.0,34.0,IONIQ5
M2211123122,2022-01-26 16:35:48.000,75.0,-168.5,593.6,1049.4,False,True,10.0,,31.0,34.0,32.0,34.0,IONIQ5
M2211123122,2022-01-26 16:35:48.000,75.0,-168.5,593.6,1049.4,False,True,10.0,,31.0,34.0,32.0,34.0,IONIQ5
M2211123122,2022-01-26 16:35:57.000,75.5,-168.6,594.2,1049.6,False,True,10.0,,31.0,34.0,32.0,34.0,IONIQ5
M2211123122,2022-01-26 16:35:57.000,75.5,-168.6,594.2,1049.6,False,True,10.0,,31.0,34.0,32.0,34.0,IONIQ5
M2211123122,2022-01-26 16:35:57.000,75.5,-168.6,594.2,1049.6,False,True,10.0,,31.0,34.0,32.0,34.0,IONIQ5
M2211123122,2022-01-26 16:36:06.000,76.0,-167.3,594.8,1049.9,False,True,10.0,,31.0,34.0,32.0,35.0,IONIQ5
M2211123122,2022-01-26 16:36:06.000,76.0,-167.3,594.8,1049.9,False,True,10.0,,31.0,34.0,32.0,35.0,IONIQ5
M2211123122,2022-01-26 16:36:06.000,76.0,-167.3,594.8,1049.9,False,True,10.0,,31.0,34.0,32.0,35.0,IONIQ5
M2211123122,2022-01-26 16:36:15.000,76.5,-184.2,594.8,1050.1,False,True,10.0,,31.0,35.0,32.0,35.0,IONIQ5
M2211123122,2022-01-26 16:36:15.000,76.5,-184.2,594.8,1050.1,False,True,10.0,,31.0,35.0,32.0,35.0,IONIQ5
M2211123122,2022-01-26 16:36:15.000,76.5,-184.2,594.8,1050.1,False,True,10.0,,31.0,35.0,32.0,35.0,IONIQ5
M2211123122,2022-01-26 16:36:24.000,76.5,-149.7,594.6,1050.4,False,True,10.0,,31.0,35.0,32.0,35.0,IONIQ5
M2211123122,2022-01-26 16:36:24.000,76.5,-149.7,594.6,1050.4,False,True,10.0,,31.0,35.0,32.0,35.0,IONIQ5
M2211123122,2022-01-26 16:36:24.000,76.5,-149.7,594.6,1050.4,False,True,10.0,,31.0,35.0,32.0,35.0,IONIQ5
M2211123122,2022-01-26 16:36:33.000,77.0,-166.4,594.2,1050.6,False,True,10.0,,31.0,35.0,32.0,35.0,IONIQ5
M2211123122,2022-01-26 16:36:33.000,77.0,-166.4,594.2,1050.6,False,True,10.0,,31.0,35.0,32.0,35.0,IONIQ5
M2211123122,2022-01-26 16:36:33.000,77.0,-166.4,594.2,1050.6,False,True,10.0,,31.0,35.0,32.0,35.0,IONIQ5
M2211123122,2022-01-26 16:36:42.000,77.5,-164.3,594.3,1050.8,False,True,10.0,,31.0,35.0,32.0,35.0,IONIQ5
M2211123122,2022-01-26 16:36:42.000,77.5,-164.3,594.3,1050.8,False,True,10.0,,31.0,35.0,32.0,35.0,IONIQ5
M2211123122,2022-01-26 16:36:42.000,77.5,-164.3,594.3,1050.8,False,True,10.0,,31.0,35.0,32.0,35.0,IONIQ5
M2211123122,2022-01-26 16:36:51.000,77.5,-161.6,594.3,1051.0,False,True,10.0,,31.0,35.0,32.0,35.0,IONIQ5
M2211123122,2022-01-26 16:36:51.000,77.5,-161.6,594.3,1051.0,False,True,10.0,,31.0,35.0,32.0,35.0,IONIQ5
M2211123122,2022-01-26 16:36:51.000,77.5,-161.6,594.3,1051.0,False,True,10.0,,31.0,35.0,32.0,35.0,IONIQ5
M2211123122,2022-01-26 16:37:00.000,78.0,-158.2,594.3,1051.2,False,True,10.0,,31.0,35.0,32.0,35.0,IONIQ5
M2211123122,2022-01-26 16:37:00.000,78.0,-158.2,594.3,1051.2,False,True,10.0,,31.0,35.0,32.0,35.0,IONIQ5
M2211123122,2022-01-26 16:37:00.000,78.0,-158.2,594.3,1051.2,False,True,10.0,,31.0,35.0,32.0,35.0,IONIQ5
M2211123122,2022-01-26 16:37:09.000,78.0,-155.5,594.4,1051.4,False,True,10.0,,31.0,35.0,33.0,35.0,IONIQ5
M2211123122,2022-01-26 16:37:09.000,78.0,-155.5,594.4,1051.4,False,True,10.0,,31.0,35.0,33.0,35.0,IONIQ5
M2211123122,2022-01-26 16:37:09.000,78.0,-155.5,594.4,1051.4,False,True,10.0,,31.0,35.0,33.0,35.0,IONIQ5
M2211123122,2022-01-26 16:37:18.000,78.5,-126.8,594.4,1051.6,False,True,10.0,,31.0,35.0,33.0,36.0,IONIQ5
M2211123122,2022-01-26 16:37:18.000,78.5,-126.8,594.4,1051.6,False,True,10.0,,31.0,35.0,33.0,36.0,IONIQ5
M2211123122,2022-01-26 16:37:18.000,78.5,-126.8,594.4,1051.6,False,True,10.0,,31.0,35.0,33.0,36.0,IONIQ5
M2211123122,2022-01-26 16:37:27.000,79.0,-123.8,594.4,1051.8,False,True,10.0,,31.0,35.0,33.0,36.0,IONIQ5
M2211123122,2022-01-26 16:37:27.000,79.0,-123.8,594.4,1051.8,False,True,10.0,,31.0,35.0,33.0,36.0,IONIQ5
M2211123122,2022-01-26 16:37:27.000,79.0,-123.8,594.4,1051.8,False,True,10.0,,31.0,35.0,33.0,36.0,IONIQ5
M2211123122,2022-01-26 16:37:36.000,79.0,-120.6,594.4,1052.0,False,True,10.0,,32.0,36.0,33.0,36.0,IONIQ5
M2211123122,2022-01-26 16:37:36.000,79.0,-120.6,594.4,1052.0,False,True,10.0,,32.0,36.0,33.0,36.0,IONIQ5
M2211123122,2022-01-26 16:37:36.000,79.0,-120.6,594.4,1052.0,False,True,10.0,,32.0,36.0,33.0,36.0,IONIQ5
M2211123122,2022-01-26 16:37:45.000,79.5,-117.9,594.4,1052.2,False,True,10.0,,32.0,36.0,33.0,36.0,IONIQ5
M2211123122,2022-01-26 16:37:45.000,79.5,-117.9,594.4,1052.2,False,True,10.0,,32.0,36.0,33.0,36.0,IONIQ5
M2211123122,2022-01-26 16:37:45.000,79.5,-117.9,594.4,1052.2,False,True,10.0,,32.0,36.0,33.0,36.0,IONIQ5
M2211123122,2022-01-26 16:37:54.000,79.5,-115.3,594.5,1052.4,False,True,10.0,,32.0,36.0,33.0,36.0,IONIQ5
M2211123122,2022-01-26 16:37:54.000,79.5,-115.3,594.5,1052.4,False,True,10.0,,32.0,36.0,33.0,36.0,IONIQ5
M2211123122,2022-01-26 16:37:54.000,79.5,-115.3,594.5,1052.4,False,True,10.0,,32.0,36.0,33.0,36.0,IONIQ5
M2211123122,2022-01-26 16:38:03.000,80.0,-138.5,594.5,1052.6,False,True,10.0,,32.0,36.0,33.0,36.0,IONIQ5
M2211123122,2022-01-26 16:38:03.000,80.0,-138.5,594.5,1052.6,False,True,10.0,,32.0,36.0,33.0,36.0,IONIQ5
M2211123122,2022-01-26 16:38:03.000,80.0,-138.5,594.5,1052.6,False,True,10.0,,32.0,36.0,33.0,36.0,IONIQ5
M2211123122,2022-01-26 16:38:12.000,80.0,-134.4,594.5,1052.8,False,True,10.0,,32.0,36.0,33.0,36.0,IONIQ5
M2211123122,2022-01-26 16:38:12.000,80.0,-134.4,594.5,1052.8,False,True,10.0,,32.0,36.0,33.0,36.0,IONIQ5
M2211123122,2022-01-26 16:38:12.000,80.0,-134.4,594.5,1052.8,False,True,10.0,,32.0,36.0,33.0,36.0,IONIQ5
M2211123122,2022-01-26 16:38:21.000,80.5,-132.5,594.6,1053.0,False,True,10.0,,32.0,36.0,33.0,36.0,IONIQ5
M2211123122,2022-01-26 16:38:21.000,80.5,-132.5,594.6,1053.0,False,True,10.0,,32.0,36.0,33.0,36.0,IONIQ5
M2211123122,2022-01-26 16:38:21.000,80.5,-132.5,594.6,1053.0,False,True,10.0,,32.0,36.0,33.0,36.0,IONIQ5
M2211123122,2022-01-26 16:38:30.000,81.0,-130.1,594.6,1053.2,False,True,10.0,,32.0,36.0,33.0,36.0,IONIQ5
M2211123122,2022-01-26 16:38:30.000,81.0,-130.1,594.6,1053.2,False,True,10.0,,32.0,36.0,33.0,36.0,IONIQ5
M2211123122,2022-01-26 16:38:30.000,81.0,-130.1,594.6,1053.2,False,True,10.0,,32.0,36.0,33.0,36.0,IONIQ5
M2211123122,2022-01-26 16:38:39.000,81.0,-102.1,594.6,1053.4,False,True,10.0,,32.0,36.0,33.0,37.0,IONIQ5
M2211123122,2022-01-26 16:38:39.000,81.0,-102.1,594.6,1053.4,False,True,10.0,,32.0,36.0,33.0,37.0,IONIQ5
M2211123122,2022-01-26 16:38:39.000,81.0,-102.1,594.6,1053.4,False,True,10.0,,32.0,36.0,33.0,37.0,IONIQ5
M2211123122,2022-01-26 16:38:48.000,81.5,-99.0,594.6,1053.5,False,True,10.0,,32.0,36.0,33.0,37.0,IONIQ5
M2211123122,2022-01-26 16:38:48.000,81.5,-99.0,594.6,1053.5,False,True,10.0,,32.0,36.0,33.0,37.0,IONIQ5
M2211123122,2022-01-26 16:38:48.000,81.5,-99.0,594.6,1053.5,False,True,10.0,,32.0,36.0,33.0,37.0,IONIQ5
M2211123122,2022-01-26 16:38:57.000,81.5,-96.5,594.6,1053.7,False,True,10.0,,32.0,36.0,33.0,37.0,IONIQ5
M2211123122,2022-01-26 16:38:57.000,81.5,-96.5,594.6,1053.7,False,True,10.0,,32.0,36.0,33.0,37.0,IONIQ5
M2211123122,2022-01-26 16:38:57.000,81.5,-96.5,594.6,1053.7,False,True,10.0,,32.0,36.0,33.0,37.0,IONIQ5
M2211123122,2022-01-26 16:39:06.000,82.0,-94.7,594.7,1053.9,False,True,10.0,,32.0,36.0,33.0,37.0,IONIQ5
M2211123122,2022-01-26 16:39:06.000,82.0,-94.7,594.7,1053.9,False,True,10.0,,32.0,36.0,33.0,37.0,IONIQ5
M2211123122,2022-01-26 16:39:06.000,82.0,-94.7,594.7,1053.9,False,True,10.0,,32.0,36.0,33.0,37.0,IONIQ5
M2211123122,2022-01-26 16:39:15.000,82.0,-92.8,594.7,1054.1,False,True,10.0,,32.0,37.0,33.0,37.0,IONIQ5
M2211123122,2022-01-26 16:39:15.000,82.0,-92.8,594.7,1054.1,False,True,10.0,,32.0,37.0,33.0,37.0,IONIQ5
M2211123122,2022-01-26 16:39:15.000,82.0,-92.8,594.7,1054.1,False,True,10.0,,32.0,37.0,33.0,37.0,IONIQ5
M2211123122,2022-01-26 16:39:24.000,82.5,-115.1,594.7,1054.2,False,True,10.0,,32.0,37.0,33.0,37.0,IONIQ5
M2211123122,2022-01-26 16:39:24.000,82.5,-115.1,594.7,1054.2,False,True,10.0,,32.0,37.0,33.0,37.0,IONIQ5
M2211123122,2022-01-26 16:39:24.000,82.5,-115.1,594.7,1054.2,False,True,10.0,,32.0,37.0,33.0,37.0,IONIQ5
M2211123122,2022-01-26 16:39:33.000,82.5,-113.1,594.7,1054.4,False,True,10.0,,32.0,37.0,33.0,37.0,IONIQ5
M2211123122,2022-01-26 16:39:33.000,82.5,-113.1,594.7,1054.4,False,True,10.0,,32.0,37.0,33.0,37.0,IONIQ5
M2211123122,2022-01-26 16:39:33.000,82.5,-113.1,594.7,1054.4,False,True,10.0,,32.0,37.0,33.0,37.0,IONIQ5
M2211123122,2022-01-26 16:39:42.000,83.0,-111.5,594.8,1054.5,False,True,10.0,,32.0,37.0,33.0,37.0,IONIQ5
M2211123122,2022-01-26 16:39:42.000,83.0,-111.5,594.8,1054.5,False,True,10.0,,32.0,37.0,33.0,37.0,IONIQ5
M2211123122,2022-01-26 16:39:42.000,83.0,-111.5,594.8,1054.5,False,True,10.0,,32.0,37.0,33.0,37.0,IONIQ5
M2211123122,2022-01-26 16:39:51.000,83.0,-109.8,594.8,1054.7,False,True,10.0,,32.0,37.0,33.0,37.0,IONIQ5
M2211123122,2022-01-26 16:39:51.000,83.0,-109.8,594.8,1054.7,False,True,10.0,,32.0,37.0,33.0,37.0,IONIQ5
M2211123122,2022-01-26 16:39:51.000,83.0,-109.8,594.8,1054.7,False,True,10.0,,32.0,37.0,33.0,37.0,IONIQ5
M2211123122,2022-01-26 16:40:00.000,83.0,-108.2,594.8,1054.8,False,True,10.0,,32.0,37.0,33.0,37.0,IONIQ5
M2211123122,2022-01-26 16:40:00.000,83.0,-108.2,594.8,1054.8,False,True,10.0,,32.0,37.0,33.0,37.0,IONIQ5
M2211123122,2022-01-26 16:40:00.000,83.0,-108.2,594.8,1054.8,False,True,10.0,,32.0,37.0,33.0,37.0,IONIQ5
M2211123122,2022-01-26 16:40:09.000,83.5,-106.2,594.8,1055.0,False,True,10.0,,32.0,37.0,34.0,37.0,IONIQ5
M2211123122,2022-01-26 16:40:09.000,83.5,-106.2,594.8,1055.0,False,True,10.0,,32.0,37.0,34.0,37.0,IONIQ5
M2211123122,2022-01-26 16:40:09.000,83.5,-106.2,594.8,1055.0,False,True,10.0,,32.0,37.0,34.0,37.0,IONIQ5
M2211123122,2022-01-26 16:40:18.000,83.5,-104.3,594.8,1055.1,False,True,10.0,,32.0,37.0,34.0,37.0,IONIQ5
M2211123122,2022-01-26 16:40:18.000,83.5,-104.3,594.8,1055.1,False,True,10.0,,32.0,37.0,34.0,37.0,IONIQ5
M2211123122,2022-01-26 16:40:18.000,83.5,-104.3,594.8,1055.1,False,True,10.0,,32.0,37.0,34.0,37.0,IONIQ5
M2211123122,2022-01-26 16:40:27.000,84.0,-102.5,594.9,1055.3,False,True,10.0,,32.0,37.0,34.0,37.0,IONIQ5
M2211123122,2022-01-26 16:40:27.000,84.0,-102.5,594.9,1055.3,False,True,10.0,,32.0,37.0,34.0,37.0,IONIQ5
M2211123122,2022-01-26 16:40:27.000,84.0,-102.5,594.9,1055.3,False,True,10.0,,32.0,37.0,34.0,37.0,IONIQ5
M2211123122,2022-01-26 16:40:36.000,84.0,-74.8,594.9,1055.4,False,True,10.0,,32.0,37.0,34.0,37.0,IONIQ5
M2211123122,2022-01-26 16:40:36.000,84.0,-74.8,594.9,1055.4,False,True,10.0,,32.0,37.0,34.0,37.0,IONIQ5
M2211123122,2022-01-26 16:40:36.000,84.0,-74.8,594.9,1055.4,False,True,10.0,,32.0,37.0,34.0,37.0,IONIQ5
M2211123122,2022-01-26 16:40:45.000,84.5,-72.1,594.9,1055.5,False,True,10.0,,32.0,37.0,34.0,37.0,IONIQ5
M2211123122,2022-01-26 16:40:45.000,84.5,-72.1,594.9,1055.5,False,True,10.0,,32.0,37.0,34.0,37.0,IONIQ5
M2211123122,2022-01-26 16:40:45.000,84.5,-72.1,594.9,1055.5,False,True,10.0,,32.0,37.0,34.0,37.0,IONIQ5
M2211123122,2022-01-26 16:40:54.000,84.5,-70.3,594.9,1055.7,False,True,10.0,,32.0,37.0,34.0,37.0,IONIQ5
M2211123122,2022-01-26 16:40:54.000,84.5,-70.3,594.9,1055.7,False,True,10.0,,32.0,37.0,34.0,37.0,IONIQ5
M2211123122,2022-01-26 16:40:54.000,84.5,-70.3,594.9,1055.7,False,True,10.0,,32.0,37.0,34.0,37.0,IONIQ5
M2211123122,2022-01-26 16:41:03.000,84.5,-70.1,595.0,1055.8,False,True,10.0,,32.0,37.0,34.0,38.0,IONIQ5
M2211123122,2022-01-26 16:41:03.000,84.5,-70.1,595.0,1055.8,False,True,10.0,,32.0,37.0,34.0,38.0,IONIQ5
M2211123122,2022-01-26 16:41:03.000,84.5,-70.1,595.0,1055.8,False,True,10.0,,32.0,37.0,34.0,38.0,IONIQ5
M2211123122,2022-01-26 16:41:12.000,85.0,-67.9,594.9,1055.9,False,True,10.0,,32.0,37.0,34.0,38.0,IONIQ5
M2211123122,2022-01-26 16:41:12.000,85.0,-67.9,594.9,1055.9,False,True,10.0,,32.0,37.0,34.0,38.0,IONIQ5
M2211123122,2022-01-26 16:41:12.000,85.0,-67.9,594.9,1055.9,False,True,10.0,,32.0,37.0,34.0,38.0,IONIQ5
M2211123122,2022-01-26 16:41:21.000,85.0,-66.9,595.0,1056.1,False,True,10.0,,32.0,37.0,34.0,38.0,IONIQ5
M2211123122,2022-01-26 16:41:21.000,85.0,-66.9,595.0,1056.1,False,True,10.0,,32.0,37.0,34.0,38.0,IONIQ5
M2211123122,2022-01-26 16:41:21.000,85.0,-66.9,595.0,1056.1,False,True,10.0,,32.0,37.0,34.0,38.0,IONIQ5
M2211123122,2022-01-26 16:41:30.000,85.0,-65.1,595.0,1056.2,False,True,10.0,,32.0,37.0,34.0,38.0,IONIQ5
M2211123122,2022-01-26 16:41:30.000,85.0,-65.1,595.0,1056.2,False,True,10.0,,32.0,37.0,34.0,38.0,IONIQ5
M2211123122,2022-01-26 16:41:30.000,85.0,-65.1,595.0,1056.2,False,True,10.0,,32.0,37.0,34.0,38.0,IONIQ5
M2211123122,2022-01-26 16:41:39.000,85.5,-64.4,595.0,1056.3,False,True,10.0,,32.0,37.0,34.0,38.0,IONIQ5
M2211123122,2022-01-26 16:41:39.000,85.5,-64.4,595.0,1056.3,False,True,10.0,,32.0,37.0,34.0,38.0,IONIQ5
M2211123122,2022-01-26 16:41:39.000,85.5,-64.4,595.0,1056.3,False,True,10.0,,32.0,37.0,34.0,38.0,IONIQ5
M2211123122,2022-01-26 16:41:48.000,85.5,-88.9,595.0,1056.4,False,True,10.0,,32.0,37.0,34.0,38.0,IONIQ5
M2211123122,2022-01-26 16:41:48.000,85.5,-88.9,595.0,1056.4,False,True,10.0,,32.0,37.0,34.0,38.0,IONIQ5
M2211123122,2022-01-26 16:41:48.000,85.5,-88.9,595.0,1056.4,False,True,10.0,,32.0,37.0,34.0,38.0,IONIQ5
M2211123122,2022-01-26 16:41:57.000,85.5,-87.1,595.0,1056.5,False,True,10.0,,32.0,38.0,34.0,38.0,IONIQ5
M2211123122,2022-01-26 16:41:57.000,85.5,-87.1,595.0,1056.5,False,True,10.0,,32.0,38.0,34.0,38.0,IONIQ5
M2211123122,2022-01-26 16:41:57.000,85.5,-87.1,595.0,1056.5,False,True,10.0,,32.0,38.0,34.0,38.0,IONIQ5
M2211123122,2022-01-26 16:42:06.000,86.0,-87.1,595.1,1056.6,False,True,10.0,,32.0,38.0,34.0,38.0,IONIQ5
M2211123122,2022-01-26 16:42:06.000,86.0,-87.1,595.1,1056.6,False,True,10.0,,32.0,38.0,34.0,38.0,IONIQ5
M2211123122,2022-01-26 16:42:06.000,86.0,-87.1,595.1,1056.6,False,True,10.0,,32.0,38.0,34.0,38.0,IONIQ5
M2211123122,2022-01-26 16:42:15.000,86.0,-85.2,595.1,1056.7,False,True,10.0,,32.0,38.0,34.0,38.0,IONIQ5
M2211123122,2022-01-26 16:42:15.000,86.0,-85.2,595.1,1056.7,False,True,10.0,,32.0,38.0,34.0,38.0,IONIQ5
M2211123122,2022-01-26 16:42:15.000,86.0,-85.2,595.1,1056.7,False,True,10.0,,32.0,38.0,34.0,38.0,IONIQ5
M2211123122,2022-01-26 16:42:24.000,86.0,-83.5,595.0,1056.9,False,True,10.0,,32.0,38.0,34.0,38.0,IONIQ5
M2211123122,2022-01-26 16:42:24.000,86.0,-83.5,595.0,1056.9,False,True,10.0,,32.0,38.0,34.0,38.0,IONIQ5
M2211123122,2022-01-26 16:42:24.000,86.0,-83.5,595.0,1056.9,False,True,10.0,,32.0,38.0,34.0,38.0,IONIQ5
M2211123122,2022-01-26 16:42:33.000,86.5,-83.5,595.1,1057.0,False,True,10.0,,32.0,38.0,34.0,38.0,IONIQ5
M2211123122,2022-01-26 16:42:33.000,86.5,-83.5,595.1,1057.0,False,True,10.0,,32.0,38.0,34.0,38.0,IONIQ5
M2211123122,2022-01-26 16:42:33.000,86.5,-83.5,595.1,1057.0,False,True,10.0,,32.0,38.0,34.0,38.0,IONIQ5
M2211123122,2022-01-26 16:42:42.000,86.5,-83.3,595.2,1057.1,False,True,10.0,,32.0,38.0,34.0,38.0,IONIQ5
M2211123122,2022-01-26 16:42:42.000,86.5,-83.3,595.2,1057.1,False,True,10.0,,32.0,38.0,34.0,38.0,IONIQ5
M2211123122,2022-01-26 16:42:42.000,86.5,-83.3,595.2,1057.1,False,True,10.0,,32.0,38.0,34.0,38.0,IONIQ5
M2211123122,2022-01-26 16:42:51.000,86.5,-81.7,595.2,1057.2,False,True,10.0,,32.0,38.0,34.0,38.0,IONIQ5
M2211123122,2022-01-26 16:42:51.000,86.5,-81.7,595.2,1057.2,False,True,10.0,,32.0,38.0,34.0,38.0,IONIQ5
M2211123122,2022-01-26 16:42:51.000,86.5,-81.7,595.2,1057.2,False,True,10.0,,32.0,38.0,34.0,38.0,IONIQ5
M2211123122,2022-01-26 16:43:00.000,87.0,-80.0,595.1,1057.3,False,True,10.0,,32.0,38.0,34.0,38.0,IONIQ5
M2211123122,2022-01-26 16:43:00.000,87.0,-80.0,595.1,1057.3,False,True,10.0,,32.0,38.0,34.0,38.0,IONIQ5
M2211123122,2022-01-26 16:43:00.000,87.0,-80.0,595.1,1057.3,False,True,10.0,,32.0,38.0,34.0,38.0,IONIQ5
M2211123122,2022-01-26 16:43:09.000,87.0,-79.9,595.2,1057.4,False,True,10.0,,32.0,38.0,34.0,38.0,IONIQ5
M2211123122,2022-01-26 16:43:09.000,87.0,-79.9,595.2,1057.4,False,True,10.0,,32.0,38.0,34.0,38.0,IONIQ5
M2211123122,2022-01-26 16:43:09.000,87.0,-79.9,595.2,1057.4,False,True,10.0,,32.0,38.0,34.0,38.0,IONIQ5
M2211123122,2022-01-26 16:43:18.000,87.0,-78.2,595.1,1057.5,False,True,10.0,,32.0,38.0,34.0,38.0,IONIQ5
M2211123122,2022-01-26 16:43:18.000,87.0,-78.2,595.1,1057.5,False,True,10.0,,32.0,38.0,34.0,38.0,IONIQ5
M2211123122,2022-01-26 16:43:18.000,87.0,-78.2,595.1,1057.5,False,True,10.0,,32.0,38.0,34.0,38.0,IONIQ5
M2211123122,2022-01-26 16:43:27.000,87.0,-78.1,595.2,1057.6,False,True,10.0,,32.0,38.0,34.0,38.0,IONIQ5
M2211123122,2022-01-26 16:43:27.000,87.0,-78.1,595.2,1057.6,False,True,10.0,,32.0,38.0,34.0,38.0,IONIQ5
M2211123122,2022-01-26 16:43:27.000,87.0,-78.1,595.2,1057.6,False,True,10.0,,32.0,38.0,34.0,38.0,IONIQ5
M2211123122,2022-01-26 16:43:36.000,87.5,-50.9,595.2,1057.6,False,True,10.0,,32.0,38.0,34.0,38.0,IONIQ5
M2211123122,2022-01-26 16:43:36.000,87.5,-50.9,595.2,1057.6,False,True,10.0,,32.0,38.0,34.0,38.0,IONIQ5
M2211123122,2022-01-26 16:43:36.000,87.5,-50.9,595.2,1057.6,False,True,10.0,,32.0,38.0,34.0,38.0,IONIQ5
M2211123122,2022-01-26 16:43:45.000,87.5,-50.8,595.2,1057.7,False,True,10.0,,32.0,38.0,34.0,38.0,IONIQ5
M2211123122,2022-01-26 16:43:45.000,87.5,-50.8,595.2,1057.7,False,True,10.0,,32.0,38.0,34.0,38.0,IONIQ5
M2211123122,2022-01-26 16:43:45.000,87.5,-50.8,595.2,1057.7,False,True,10.0,,32.0,38.0,34.0,38.0,IONIQ5
M2211123122,2022-01-26 16:43:54.000,87.5,-49.1,595.2,1057.8,False,True,10.0,,32.0,38.0,34.0,38.0,IONIQ5
M2211123122,2022-01-26 16:43:54.000,87.5,-49.1,595.2,1057.8,False,True,10.0,,32.0,38.0,34.0,38.0,IONIQ5
M2211123122,2022-01-26 16:43:54.000,87.5,-49.1,595.2,1057.8,False,True,10.0,,32.0,38.0,34.0,38.0,IONIQ5
M2211123122,2022-01-26 16:44:03.000,87.5,-49.1,595.2,1057.9,False,True,10.0,,32.0,38.0,34.0,38.0,IONIQ5
M2211123122,2022-01-26 16:44:03.000,87.5,-49.1,595.2,1057.9,False,True,10.0,,32.0,38.0,34.0,38.0,IONIQ5
M2211123122,2022-01-26 16:44:03.000,87.5,-49.1,595.2,1057.9,False,True,10.0,,32.0,38.0,34.0,38.0,IONIQ5
M2211123122,2022-01-26 16:44:12.000,88.0,-49.0,595.3,1058.0,False,True,10.0,,32.0,38.0,34.0,38.0,IONIQ5
M2211123122,2022-01-26 16:44:12.000,88.0,-49.0,595.3,1058.0,False,True,10.0,,32.0,38.0,34.0,38.0,IONIQ5
M2211123122,2022-01-26 16:44:12.000,88.0,-49.0,595.3,1058.0,False,True,10.0,,32.0,38.0,34.0,38.0,IONIQ5
M2211123122,2022-01-26 16:44:21.000,88.0,-47.2,595.2,1058.1,False,True,10.0,,32.0,38.0,34.0,38.0,IONIQ5
M2211123122,2022-01-26 16:44:21.000,88.0,-47.2,595.2,1058.1,False,True,10.0,,32.0,38.0,34.0,38.0,IONIQ5
M2211123122,2022-01-26 16:44:21.000,88.0,-47.2,595.2,1058.1,False,True,10.0,,32.0,38.0,34.0,38.0,IONIQ5
M2211123122,2022-01-26 16:44:30.000,88.0,-47.2,595.2,1058.2,False,True,10.0,,32.0,38.0,34.0,38.0,IONIQ5
M2211123122,2022-01-26 16:44:30.000,88.0,-47.2,595.2,1058.2,False,True,10.0,,32.0,38.0,34.0,38.0,IONIQ5
M2211123122,2022-01-26 16:44:30.000,88.0,-47.2,595.2,1058.2,False,True,10.0,,32.0,38.0,34.0,38.0,IONIQ5
