dev_id,coll_dt,b_soc,b_pack_current,b_pack_volt,b_max_cell_volt,b_min_cell_volt,b_accum_discharg_power_quan,b_soh,b_charg_lamp_sts_1,b_slow_charg_con_sts,b_fast_charg_con_sts,v_car_speed,v_accel_pedal_depth,a_extern_temp_sensor,c_mileage,b_modul_1_temp,b_modul_2_temp,b_modul_3_temp,b_modul_4_temp,car_type,weather_station_ID,temperature,wind_speed,humidity,rainfall,snowfall,traffic_volume,air_co,air_no2,air_o3,air_pm10,air_pm25,air_so2
M2210703926,2022-01-13 10:59:34.000,39.0,59.0,635.2,3.54,3.52,696.7,100.0,False,False,False,72.288,35.848,,2670.0,,0.0,,0.0,IONIQ5,108,-5.8,4.4,47,,,,,,,,,
M2210703926,2022-01-13 10:59:44.000,39.0,-63.8,660.9,3.68,3.68,696.8,100.0,False,False,False,64.592,14.752,,2670.0,,0.0,,0.0,IONIQ5,108,-5.8,4.4,47,,,,,,,,,
M2210703926,2022-01-13 10:59:54.000,39.0,-36.1,654.5,3.64,3.64,696.8,100.0,False,False,False,50.752,14.752,,2671.0,,0.0,,0.0,IONIQ5,108,-5.8,4.4,47,,,,,,,,,
M2210703926,2022-01-13 11:00:04.000,39.0,-12.9,655.2,3.64,3.62,696.8,100.0,False,False,False,10.48,0.0,,2671.0,,0.0,,0.0,IONIQ5,108,-5.0,5.6,45,,,,,,,,,
M2210703926,2022-01-13 11:00:14.000,39.0,-3.5,645.6,3.58,3.58,696.8,100.0,False,False,False,18.176,18.606,,2671.0,,0.0,,0.0,IONIQ5,108,-5.0,5.6,45,,,,,,,,,
M2210703926,2022-01-13 11:00:24.000,39.0,-32.5,652.4,3.62,3.62,696.9,100.0,False,False,False,18.464,17.73,,2671.0,,0.0,,0.0,IONIQ5,108,-5.0,5.6,45,,,,,,,,,
M2210703926,2022-01-13 11:00:34.000,39.0,-37.4,653.1,3.62,3.62,696.9,100.0,False,False,False,17.12,30.38,,2671.0,,0.0,,0.0,IONIQ5,108,-5.0,5.6,45,,,,,,,,,
M2210703926,2022-01-13 11:00:44.000,38.5,-36.5,652.6,3.62,3.62,696.9,100.0,False,False,False,28.192,0.0,,2671.0,,0.0,,0.0,IONIQ5,108,-5.0,5.6,45,,,,,,,,,
M2210703926,2022-01-13 11:00:54.000,39.0,0.3,650.2,3.6,3.6,696.9,100.0,False,False,False,17.12,9.972,,2671.0,,0.0,,0.0,IONIQ5,108,-5.0,5.6,45,,,,,,,,,
M2210703926,2022-01-13 11:01:04.000,38.5,3.2,649.9,3.6,3.6,696.9,100.0,False,False,False,20.72,0.0,,2671.0,,0.0,,0.0,IONIQ5,108,-5.0,5.6,45,,,,,,,,,
M2210703926,2022-01-13 11:01:14.000,38.5,-9.7,647.0,3.58,3.58,696.9,100.0,False,False,False,12.736,6.106,,2671.0,,0.0,,0.0,IONIQ5,108,-5.0,5.6,45,,,,,,,,,
M2210703926,2022-01-13 11:01:24.000,38.5,1.5,650.8,3.6,3.6,696.9,100.0,False,False,False,16.256,0.0,,2671.0,,0.0,,0.0,IONIQ5,108,-5.0,5.6,45,,,,,,,,,
M2210703926,2022-01-13 11:01:34.000,38.5,2.4,651.1,3.62,3.6,696.9,100.0,False,False,False,6.08,0.0,,2671.0,,0.0,,0.0,IONIQ5,108,-5.0,5.6,45,,,,,,,,,
M2210703926,2022-01-13 11:01:45.000,38.5,3.8,650.6,3.6,3.6,697.0,100.0,False,False,False,5.888,2.452,,2671.0,,0.0,,0.0,IONIQ5,108,-5.0,5.6,45,,,,,,,,,
M2210703926,2022-01-13 11:01:55.000,38.5,-8.9,646.6,3.58,3.58,697.0,100.0,False,False,False,27.2,7.77,,2671.0,,0.0,,0.0,IONIQ5,108,-5.0,5.6,45,,,,,,,,,
M2210703926,2022-01-13 11:02:04.000,38.5,0.6,651.4,3.62,3.6,697.0,100.0,False,False,False,13.824,14.114,,2671.0,,0.0,,0.0,IONIQ5,108,-5.0,5.6,45,,,,,,,,,
M2210703926,2022-01-13 11:02:15.000,38.5,-26.3,651.8,3.62,3.6,697.0,100.0,False,False,False,11.232,0.0,,2671.0,,0.0,,1.0,IONIQ5,108,-5.0,5.6,45,,,,,,,,,
M2210703926,2022-01-13 11:02:25.000,38.5,-10.4,647.6,3.6,3.58,697.0,100.0,False,False,False,21.984,9.622,,2671.0,,0.0,,0.0,IONIQ5,108,-5.0,5.6,45,,,,,,,,,
M2210703926,2022-01-13 11:02:35.000,38.5,-7.0,646.7,3.58,3.58,697.0,100.0,False,False,False,24.656,14.264,,2671.0,,0.0,,0.0,IONIQ5,108,-5.0,5.6,45,,,,,,,,,
M2210703926,2022-01-13 11:02:45.000,38.5,-10.2,647.2,3.58,3.58,697.1,100.0,False,False,False,32.416,23.736,,2672.0,,0.0,,1.0,IONIQ5,108,-5.0,5.6,45,,,,,,,,,
M2210703926,2022-01-13 11:02:55.000,38.5,14.3,639.9,3.54,3.54,697.1,100.0,False,False,False,42.88,16.754,,2672.0,,0.0,,1.0,IONIQ5,108,-5.0,5.6,45,,,,,,,,,
M2210703926,2022-01-13 11:03:05.000,38.5,-14.0,654.8,3.64,3.62,697.1,100.0,False,False,False,26.048,0.0,,2672.0,,0.0,,0.0,IONIQ5,108,-5.0,5.6,45,,,,,,,,,
M2210703926,2022-01-13 11:03:15.000,38.5,-25.7,651.8,3.62,3.62,697.1,100.0,False,False,False,18.576,7.77,,2672.0,,0.0,,1.0,IONIQ5,108,-5.0,5.6,45,,,,,,,,,
M2210703926,2022-01-13 11:03:25.000,38.5,-26.1,651.6,3.62,3.6,697.1,100.0,False,False,False,10.768,0.0,,2672.0,,0.0,,1.0,IONIQ5,108,-5.0,5.6,45,,,,,,,,,
M2210703926,2022-01-13 11:03:35.000,38.5,-14.7,655.2,3.64,3.62,697.2,100.0,False,False,False,13.6,0.0,,2672.0,,0.0,,1.0,IONIQ5,108,-5.0,5.6,45,,,,,,,,,
M2210703926,2022-01-13 11:03:45.000,38.5,-11.5,648.0,3.6,3.58,697.2,100.0,False,False,False,11.68,9.284,,2672.0,,0.0,,1.0,IONIQ5,108,-5.0,5.6,45,,,,,,,,,
M2210703926,2022-01-13 11:03:55.000,38.5,9.2,649.2,3.6,3.6,697.2,100.0,False,False,False,13.024,6.456,,2672.0,,0.0,,1.0,IONIQ5,108,-5.0,5.6,45,,,,,,,,,
M2210703926,2022-01-13 11:04:05.000,38.5,-27.8,652.2,3.62,3.62,697.2,100.0,False,False,False,17.36,11.086,,2672.0,,0.0,,1.0,IONIQ5,108,-5.0,5.6,45,,,,,,,,,
M2210703926,2022-01-13 11:04:15.000,38.5,-6.9,646.3,3.58,3.58,697.2,100.0,False,False,False,32.064,14.414,,2672.0,,0.0,,1.0,IONIQ5,108,-5.0,5.6,45,,,,,,,,,
M2210703926,2022-01-13 11:04:25.000,38.5,11.6,647.4,3.58,3.58,697.2,100.0,False,False,False,36.688,7.77,,2672.0,,0.0,,1.0,IONIQ5,108,-5.0,5.6,45,,,,,,,,,
M2210703926,2022-01-13 11:04:35.000,38.5,-15.2,655.6,3.64,3.64,697.3,100.0,False,False,False,32.752,5.768,,2672.0,,0.0,,1.0,IONIQ5,108,-5.0,5.6,45,,,,,,,,,
M2210703926,2022-01-13 11:04:45.000,38.5,-8.9,647.1,3.58,3.58,697.3,100.0,False,False,False,30.448,0.0,,2672.0,,0.0,,1.0,IONIQ5,108,-5.0,5.6,45,,,,,,,,,
M2210703926,2022-01-13 11:04:55.000,38.5,-13.1,654.4,3.62,3.62,697.3,100.0,False,False,False,27.024,0.0,,2673.0,,0.0,,1.0,IONIQ5,108,-5.0,5.6,45,,,,,,,,,
M2210703926,2022-01-13 11:05:05.000,38.5,4.9,650.1,3.6,3.6,697.3,100.0,False,False,False,29.68,21.046,,2673.0,,0.0,,1.0,IONIQ5,108,-5.0,5.6,45,,,,,,,,,
M2210703926,2022-01-13 11:05:15.000,38.5,7.4,650.1,3.6,3.6,697.3,100.0,False,False,False,10.08,9.284,,2673.0,,0.0,,1.0,IONIQ5,108,-5.0,5.6,45,,,,,,,,,
M2210703926,2022-01-13 11:05:25.000,38.5,9.3,649.3,3.6,3.6,697.3,100.0,False,False,False,16.496,0.0,,2673.0,,0.0,,1.0,IONIQ5,108,-5.0,5.6,45,,,,,,,,,
M2210703926,2022-01-13 11:05:35.000,38.5,-8.4,646.7,3.58,3.58,697.3,100.0,False,False,False,15.856,8.108,,2673.0,,0.0,,1.0,IONIQ5,108,-5.0,5.6,45,,,,,,,,,
M2210703926,2022-01-13 11:05:45.000,38.5,2.7,650.4,3.6,3.6,697.4,100.0,False,False,False,14.352,0.0,,2673.0,,0.0,,1.0,IONIQ5,108,-5.0,5.6,45,,,,,,,,,
M2210703926,2022-01-13 11:05:55.000,38.5,-27.0,651.5,3.62,3.6,697.4,100.0,False,False,False,11.168,0.0,,2673.0,,0.0,,1.0,IONIQ5,108,-5.0,5.6,45,,,,,,,,,
M2210703926,2022-01-13 11:06:05.000,38.5,3.5,650.2,3.6,3.6,697.4,100.0,False,False,False,17.584,0.3,,2673.0,,0.0,,1.0,IONIQ5,108,-5.0,5.6,45,,,,,,,,,
M2210703926,2022-01-13 11:06:15.000,38.5,-31.5,653.1,3.62,3.62,697.4,100.0,False,False,False,7.008,0.0,,2673.0,,0.0,,1.0,IONIQ5,108,-5.0,5.6,45,,,,,,,,,
M2210703926,2022-01-13 11:06:25.000,38.0,5.2,650.1,3.6,3.6,697.4,100.0,False,False,False,5.728,0.0,,2673.0,,0.0,,1.0,IONIQ5,108,-5.0,5.6,45,,,,,,,,,
M2210703926,2022-01-13 11:06:35.000,38.0,3.3,650.5,3.6,3.6,697.4,100.0,False,False,False,6.144,5.13,,2673.0,,0.0,,1.0,IONIQ5,108,-5.0,5.6,45,,,,,,,,,
M2210703926,2022-01-13 11:06:45.000,38.0,-6.0,645.4,3.58,3.56,697.4,100.0,False,False,False,22.864,14.114,,2673.0,,0.0,,1.0,IONIQ5,108,-5.0,5.6,45,,,,,,,,,
M2210703926,2022-01-13 11:06:55.000,38.0,-28.2,651.6,3.62,3.6,697.4,100.0,False,False,False,16.832,0.0,,2673.0,,0.0,,1.0,IONIQ5,108,-5.0,5.6,45,,,,,,,,,
M2210703926,2022-01-13 11:07:05.000,38.0,0.2,650.6,3.6,3.6,697.4,100.0,False,False,False,12.448,0.0,,2673.0,,0.0,,1.0,IONIQ5,108,-5.0,5.6,45,,,,,,,,,
M2210703926,2022-01-13 11:07:15.000,38.0,-31.0,651.2,3.62,3.6,697.5,100.0,False,False,False,14.64,0.0,,2673.0,,0.0,,1.0,IONIQ5,108,-5.0,5.6,45,,,,,,,,,
M2210703926,2022-01-13 11:07:25.000,38.0,4.5,648.8,3.6,3.6,697.5,100.0,False,False,False,4.736,0.0,,2673.0,,0.0,,1.0,IONIQ5,108,-5.0,5.6,45,,,,,,,,,
M2210703926,2022-01-13 11:07:35.000,38.0,10.5,647.2,3.58,3.58,697.5,100.0,False,False,False,7.408,0.0,,2673.0,,0.0,,1.0,IONIQ5,108,-5.0,5.6,45,,,,,,,,,
M2210703926,2022-01-13 11:07:45.000,38.0,3.3,650.1,3.6,3.6,697.5,100.0,False,False,False,12.448,0.0,,2673.0,,0.0,,1.0,IONIQ5,108,-5.0,5.6,45,,,,,,,,,
M2210703926,2022-01-13 11:07:55.000,38.0,6.7,649.6,3.6,3.6,697.5,100.0,False,False,False,8.384,2.99,,2673.0,,0.0,,1.0,IONIQ5,108,-5.0,5.6,45,,,,,,,,,
M2210703926,2022-01-13 11:08:05.000,38.0,0.2,651.2,3.62,3.6,697.5,100.0,False,False,False,13.888,0.0,,2673.0,,0.0,,1.0,IONIQ5,108,-5.0,5.6,45,,,,,,,,,
M2210703926,2022-01-13 11:08:15.000,38.0,9.4,648.5,3.6,3.58,697.5,100.0,False,False,False,12.896,0.45,,2673.0,,0.0,,1.0,IONIQ5,108,-5.0,5.6,45,,,,,,,,,
M2210703926,2022-01-13 11:08:25.000,38.0,11.5,648.3,3.6,3.58,697.5,100.0,False,False,False,13.072,13.926,,2673.0,,0.0,,1.0,IONIQ5,108,-5.0,5.6,45,,,,,,,,,
M2210703926,2022-01-13 11:08:35.000,38.0,-27.7,651.9,3.62,3.62,697.5,100.0,False,False,False,11.92,0.0,,2673.0,,0.0,,1.0,IONIQ5,108,-5.0,5.6,45,,,,,,,,,
M2210703926,2022-01-13 11:08:45.000,38.0,4.1,650.3,3.6,3.6,697.5,100.0,False,False,False,,0.0,,2673.0,,0.0,,1.0,IONIQ5,108,-5.0,5.6,45,,,,,,,,,
M2210703926,2022-01-13 11:08:55.000,38.0,3.8,650.6,3.6,3.6,697.5,100.0,False,False,False,4.448,0.0,,2673.0,,0.0,,1.0,IONIQ5,108,-5.0,5.6,45,,,,,,,,,
M2210703926,2022-01-13 11:09:05.000,38.0,3.9,650.6,3.6,3.6,697.6,100.0,False,False,False,6.768,6.944,,2674.0,,0.0,,1.0,IONIQ5,108,-5.0,5.6,45,,,,,,,,,
M2210703926,2022-01-13 11:09:15.000,38.0,12.7,648.1,3.6,3.58,697.6,100.0,False,False,False,11.232,5.768,,2674.0,,0.0,,1.0,IONIQ5,108,-5.0,5.6,45,,,,,,,,,
M2210703926,2022-01-13 11:09:25.000,38.0,4.4,650.5,3.6,3.6,697.6,100.0,False,False,False,12.16,5.43,,2674.0,,0.0,,1.0,IONIQ5,108,-5.0,5.6,45,,,,,,,,,
M2210703926,2022-01-13 11:09:35.000,38.0,5.0,649.6,3.6,3.6,697.6,100.0,False,False,False,16.784,0.0,,2674.0,,0.0,,1.0,IONIQ5,108,-5.0,5.6,45,,,,,,,,,
M2210703926,2022-01-13 11:09:45.000,38.0,2.7,650.6,3.6,3.6,697.6,100.0,False,False,False,6.832,0.0,,2674.0,,0.0,,1.0,IONIQ5,108,-5.0,5.6,45,,,,,,,,,
M2210703926,2022-01-13 11:09:55.000,38.0,-6.9,646.3,3.58,3.58,697.6,100.0,False,False,False,15.04,12.262,,2674.0,,0.0,,1.0,IONIQ5,108,-5.0,5.6,45,,,,,,,,,
M2210703926,2022-01-13 11:10:05.000,38.0,3.4,650.2,3.6,3.6,697.6,100.0,False,False,False,11.92,7.132,,2674.0,,0.0,,1.0,IONIQ5,108,-5.0,5.6,45,,,,,,,,,
M2210703926,2022-01-13 11:10:15.000,38.0,3.5,650.7,3.6,3.6,697.6,100.0,False,False,False,,0.0,,2674.0,,0.0,,1.0,IONIQ5,108,-5.0,5.6,45,,,,,,,,,
M2210703926,2022-01-13 11:10:25.000,38.0,5.2,649.7,3.6,3.6,697.6,100.0,False,False,False,17.584,9.434,,2674.0,,0.0,,1.0,IONIQ5,108,-5.0,5.6,45,,,,,,,,,
M2210703926,2022-01-13 11:10:35.000,38.0,-26.6,651.9,3.62,3.62,697.6,100.0,False,False,False,14.24,0.0,,2674.0,,0.0,,1.0,IONIQ5,108,-5.0,5.6,45,,,,,,,,,
M2210703926,2022-01-13 11:10:45.000,38.0,7.5,649.6,3.6,3.6,697.7,100.0,False,False,False,12.56,11.924,,2674.0,,0.0,,1.0,IONIQ5,108,-5.0,5.6,45,,,,,,,,,
M2210703926,2022-01-13 11:10:55.000,38.0,1.9,650.8,3.6,3.6,697.7,100.0,False,False,False,4.976,0.0,,2674.0,,0.0,,1.0,IONIQ5,108,-5.0,5.6,45,,,,,,,,,
M2210703926,2022-01-13 11:11:05.000,38.0,4.7,650.0,3.6,3.6,697.7,100.0,False,False,False,11.392,8.308,,2674.0,,0.0,,1.0,IONIQ5,108,-5.0,5.6,45,,,,,,,,,
M2210703926,2022-01-13 11:11:15.000,38.0,-26.4,651.3,3.62,3.6,697.7,100.0,False,False,False,10.304,0.0,,2674.0,,0.0,,1.0,IONIQ5,108,-5.0,5.6,45,,,,,,,,,
M2210703926,2022-01-13 11:11:25.000,38.0,3.0,650.5,3.6,3.6,697.7,100.0,False,False,False,8.384,0.0,,2674.0,,0.0,,1.0,IONIQ5,108,-5.0,5.6,45,,,,,,,,,
M2210703926,2022-01-13 11:11:35.000,38.0,11.2,648.6,3.6,3.6,697.7,100.0,False,False,False,12.096,7.62,,2674.0,,0.0,,1.0,IONIQ5,108,-5.0,5.6,45,,,,,,,,,
M2210703926,2022-01-13 11:11:45.000,38.0,-10.0,647.2,3.58,3.58,697.7,100.0,False,False,False,15.328,0.0,,2674.0,,0.0,,1.0,IONIQ5,108,-5.0,5.6,45,,,,,,,,,
M2210703926,2022-01-13 11:11:55.000,38.0,10.6,648.4,3.6,3.58,697.7,100.0,False,False,False,18.24,14.952,,2674.0,,0.0,,1.0,IONIQ5,108,-5.0,5.6,45,,,,,,,,,
M2210703926,2022-01-13 11:12:05.000,38.0,-11.4,646.8,3.58,3.58,697.7,100.0,False,False,False,28.992,0.0,,2674.0,,0.0,,1.0,IONIQ5,108,-5.0,5.6,45,,,,,,,,,
M2210703926,2022-01-13 11:12:15.000,38.0,5.4,649.9,3.6,3.6,697.8,100.0,False,False,False,20.144,0.45,,2674.0,,0.0,,1.0,IONIQ5,108,-5.0,5.6,45,,,,,,,,,
M2210703926,2022-01-13 11:12:25.000,38.0,9.3,648.1,3.6,3.58,697.8,100.0,False,False,False,12.848,8.458,,2674.0,,0.0,,1.0,IONIQ5,108,-5.0,5.6,45,,,,,,,,,
M2210703926,2022-01-13 11:12:35.000,38.0,9.5,648.9,3.6,3.6,697.8,100.0,False,False,False,14.592,0.0,,2674.0,,0.0,,1.0,IONIQ5,108,-5.0,5.6,45,,,,,,,,,
M2210703926,2022-01-13 11:12:45.000,38.0,10.5,648.6,3.6,3.6,697.8,100.0,False,False,False,7.008,3.616,,2674.0,,0.0,,1.0,IONIQ5,108,-5.0,5.6,45,,,,,,,,,
M2210703926,2022-01-13 11:12:55.000,38.0,-3.8,645.4,3.58,3.58,697.8,100.0,False,False,False,15.68,0.0,,2674.0,,0.0,,1.0,IONIQ5,108,-5.0,5.6,45,,,,,,,,,
M2210703926,2022-01-13 11:13:05.000,38.0,7.6,648.9,3.6,3.6,697.8,100.0,False,False,False,21.12,9.972,,2674.0,,0.0,,1.0,IONIQ5,108,-5.0,5.6,45,,,,,,,,,
M2210703926,2022-01-13 11:13:15.000,37.5,30.0,642.6,3.56,3.56,697.8,100.0,False,False,False,24.832,13.776,,2675.0,,0.0,,1.0,IONIQ5,108,-5.0,5.6,45,,,,,,,,,
M2210703926,2022-01-13 11:13:25.000,37.5,0.3,650.5,3.6,3.6,697.8,100.0,False,False,False,13.136,0.0,,2675.0,,0.0,,1.0,IONIQ5,108,-5.0,5.6,45,,,,,,,,,
M2210703926,2022-01-13 11:13:35.000,37.5,28.1,642.2,3.56,3.54,697.9,100.0,False,False,False,29.504,11.924,,2675.0,,0.0,,1.0,IONIQ5,108,-5.0,5.6,45,,,,,,,,,
M2210703926,2022-01-13 11:13:45.000,37.5,33.5,641.2,3.56,3.54,697.9,100.0,False,False,False,24.704,19.732,,2675.0,,0.0,,1.0,IONIQ5,108,-5.0,5.6,45,,,,,,,,,
M2210703926,2022-01-13 11:13:55.000,37.5,-34.0,651.8,3.62,3.6,697.9,100.0,False,False,False,22.048,15.44,,2675.0,,0.0,,1.0,IONIQ5,108,-5.0,5.6,45,,,,,,,,,
M2210703926,2022-01-13 11:14:05.000,37.5,-4.3,644.2,3.58,3.56,697.9,100.0,False,False,False,32.864,20.558,,2675.0,,0.0,,1.0,IONIQ5,108,-5.0,5.6,45,,,,,,,,,
M2210703926,2022-01-13 11:14:15.000,37.5,8.7,646.3,3.56,3.56,697.9,100.0,False,False,False,37.264,26.026,,2675.0,,0.0,,1.0,IONIQ5,108,-5.0,5.6,45,,,,,,,,,
M2210703926,2022-01-13 11:14:25.000,37.5,-8.1,646.0,3.58,3.58,698.0,100.0,False,False,False,32.064,13.438,,2675.0,,0.0,,1.0,IONIQ5,108,-5.0,5.6,45,,,,,,,,,
M2210703926,2022-01-13 11:14:35.000,37.5,62.2,634.2,3.52,3.5,698.0,100.0,False,False,False,41.024,0.0,,2675.0,,0.0,,1.0,IONIQ5,108,-5.0,5.6,45,,,,,,,,,
M2210703926,2022-01-13 11:14:45.000,37.5,-14.8,654.2,3.62,3.62,698.0,100.0,False,False,False,33.152,0.0,,2675.0,,0.0,,1.0,IONIQ5,108,-5.0,5.6,45,,,,,,,,,
M2210703926,2022-01-13 11:14:55.000,37.5,105.9,623.8,3.46,3.44,698.1,100.0,False,False,False,56.368,42.492,,2675.0,,0.0,,1.0,IONIQ5,108,-5.0,5.6,45,,,,,,,,,
M2210703926,2022-01-13 11:15:05.000,37.5,55.0,634.2,3.52,3.5,698.2,100.0,False,False,False,67.136,25.538,,2676.0,,0.0,,1.0,IONIQ5,108,-5.0,5.6,45,,,,,,,,,
M2210703926,2022-01-13 11:15:15.000,37.0,32.1,639.4,3.54,3.52,698.2,100.0,False,False,False,75.872,21.734,,2676.0,,0.0,,1.0,IONIQ5,108,-5.0,5.6,45,,,,,,,,,
M2210703926,2022-01-13 11:15:25.000,37.0,-35.8,651.1,3.6,3.6,698.3,100.0,False,False,False,67.888,7.97,,2676.0,,0.0,,1.0,IONIQ5,108,-5.0,5.6,45,,,,,,,,,
M2210703926,2022-01-13 11:15:35.000,37.0,-53.8,656.0,3.64,3.64,698.3,100.0,False,False,False,60.016,6.794,,2676.0,,0.0,,1.0,IONIQ5,108,-5.0,5.6,45,,,,,,,,,
M2210703926,2022-01-13 11:15:45.000,37.0,2.9,647.6,3.6,3.58,698.3,100.0,False,False,False,54.112,20.22,,2676.0,,0.0,,1.0,IONIQ5,108,-5.0,5.6,45,,,,,,,,,
M2210703926,2022-01-13 11:15:55.000,37.0,-56.9,657.0,3.64,3.64,698.4,100.0,False,False,False,64.352,0.0,,2677.0,,0.0,,1.0,IONIQ5,108,-5.0,5.6,45,,,,,,,,,
M2210703926,2022-01-13 11:16:05.000,37.0,-34.2,650.9,3.62,3.6,698.4,100.0,False,False,False,59.904,20.758,,2677.0,,0.0,,1.0,IONIQ5,108,-5.0,5.6,45,,,,,,,,,
M2210703926,2022-01-13 11:16:15.000,37.0,-10.8,644.5,3.58,3.56,698.4,100.0,False,False,False,68.24,2.99,,2677.0,,0.0,,1.0,IONIQ5,108,-5.0,5.6,45,,,,,,,,,
M2210703926,2022-01-13 11:16:25.000,37.0,-23.1,655.9,3.64,3.62,698.5,100.0,False,False,False,44.336,0.0,,2677.0,,0.0,,1.0,IONIQ5,108,-5.0,5.6,45,,,,,,,,,
M2210703926,2022-01-13 11:16:35.000,37.0,-5.9,645.1,3.58,3.56,698.5,100.0,False,False,False,33.616,17.73,,2677.0,,0.0,,1.0,IONIQ5,108,-5.0,5.6,45,,,,,,,,,
M2210703926,2022-01-13 11:16:45.000,37.0,34.4,642.6,3.58,3.58,698.5,100.0,False,False,False,32.064,13.288,,2677.0,,0.0,,1.0,IONIQ5,108,-5.0,5.6,45,,,,,,,,,
M2210703926,2022-01-13 11:16:55.000,37.0,3.7,649.7,3.6,3.6,698.5,100.0,False,False,False,13.712,7.77,,2677.0,,0.0,,1.0,IONIQ5,108,-5.0,5.6,45,,,,,,,,,
M2210703926,2022-01-13 11:17:05.000,37.0,-7.8,645.2,3.58,3.56,698.5,100.0,False,False,False,19.504,19.732,,2677.0,,0.0,,0.0,IONIQ5,108,-5.0,5.6,45,,,,,,,,,
M2210703926,2022-01-13 11:17:15.000,37.0,-14.3,653.5,3.62,3.62,698.6,100.0,False,False,False,31.36,0.0,,2677.0,,0.0,,1.0,IONIQ5,108,-5.0,5.6,45,,,,,,,,,
M2210703926,2022-01-13 11:17:25.000,37.0,1.7,648.3,3.58,3.58,698.6,100.0,False,False,False,43.584,33.696,,2678.0,,0.0,,1.0,IONIQ5,108,-5.0,5.6,45,,,,,,,,,
M2210703926,2022-01-13 11:17:35.000,37.0,-37.0,653.0,3.62,3.62,698.6,100.0,False,False,False,33.504,0.0,,2678.0,,0.0,,1.0,IONIQ5,108,-5.0,5.6,45,,,,,,,,,
M2210703926,2022-01-13 11:17:45.000,37.0,1.2,649.9,3.6,3.6,698.6,100.0,False,False,False,0.512,0.0,,2678.0,,0.0,,1.0,IONIQ5,108,-5.0,5.6,45,,,,,,,,,
M2210703926,2022-01-13 11:17:55.000,37.0,3.3,649.5,3.6,3.6,698.6,100.0,False,False,False,0.0,12.75,,2678.0,,0.0,,1.0,IONIQ5,108,-5.0,5.6,45,,,,,,,,,
M2210703926,2022-01-13 11:18:05.000,37.0,1.9,649.5,3.6,3.6,698.6,100.0,False,False,False,10.592,13.438,,2678.0,,0.0,,1.0,IONIQ5,108,-5.0,5.6,45,,,,,,,,,
M2210703926,2022-01-13 11:18:15.000,37.0,2.5,649.6,3.6,3.6,698.6,100.0,False,False,False,7.52,0.0,,2678.0,,0.0,,1.0,IONIQ5,108,-5.0,5.6,45,,,,,,,,,
M2210703926,2022-01-13 11:18:25.000,37.0,0.0,650.0,3.6,3.6,698.7,100.0,False,False,False,13.6,0.0,,2678.0,,0.0,,1.0,IONIQ5,108,-5.0,5.6,45,,,,,,,,,
M2210703926,2022-01-13 11:18:35.000,37.0,2.2,649.4,3.6,3.6,698.7,100.0,False,False,False,0.0,0.0,,2678.0,,0.0,,1.0,IONIQ5,108,-5.0,5.6,45,,,,,,,,,
M2210703926,2022-01-13 11:18:45.000,37.0,1.9,649.2,3.6,3.6,698.7,100.0,False,False,False,10.0,7.432,,2678.0,,0.0,,1.0,IONIQ5,108,-5.0,5.6,45,,,,,,,,,
M2210703926,2022-01-13 11:18:55.000,37.0,-8.9,645.8,3.58,3.58,698.7,100.0,False,False,False,24.192,19.094,,2678.0,,0.0,,1.0,IONIQ5,108,-5.0,5.6,45,,,,,,,,,
M2210703926,2022-01-13 11:19:05.000,37.0,-3.8,643.5,3.56,3.56,698.7,100.0,False,False,False,41.152,0.0,,2678.0,,0.0,,1.0,IONIQ5,108,-5.0,5.6,45,,,,,,,,,
M2210703926,2022-01-13 11:19:15.000,37.0,-27.2,651.1,3.62,3.6,698.7,100.0,False,False,False,,0.0,,2678.0,,0.0,,1.0,IONIQ5,108,-5.0,5.6,45,,,,,,,,,
M2210703926,2022-01-13 11:19:25.000,37.0,-26.3,650.4,3.6,3.6,698.7,100.0,False,False,False,17.648,0.0,,2678.0,,0.0,,1.0,IONIQ5,108,-5.0,5.6,45,,,,,,,,,
M2210703926,2022-01-13 11:19:35.000,37.0,1.5,649.9,3.6,3.6,698.7,100.0,False,False,False,12.96,0.0,,2678.0,,0.0,,1.0,IONIQ5,108,-5.0,5.6,45,,,,,,,,,
M2210703926,2022-01-13 11:19:45.000,37.0,2.7,649.5,3.6,3.6,698.7,100.0,False,False,False,3.936,0.0,,2678.0,,0.0,,1.0,IONIQ5,108,-5.0,5.6,45,,,,,,,,,
M2210703926,2022-01-13 11:19:55.000,37.0,-9.4,645.4,3.58,3.58,698.8,100.0,False,False,False,20.544,0.0,,2678.0,,0.0,,1.0,IONIQ5,108,-5.0,5.6,45,,,,,,,,,
M2210703926,2022-01-13 11:20:05.000,37.0,-7.5,644.5,3.58,3.56,698.8,100.0,False,False,False,15.104,15.44,,2678.0,,0.0,,1.0,IONIQ5,108,-5.0,5.6,45,,,,,,,,,
M2210703926,2022-01-13 11:20:15.000,37.0,-5.0,643.1,3.56,3.56,698.8,100.0,False,False,False,28.352,0.0,,2678.0,,0.0,,1.0,IONIQ5,108,-5.0,5.6,45,,,,,,,,,
M2210703926,2022-01-13 11:20:25.000,37.0,10.6,646.6,3.58,3.58,698.8,100.0,False,False,False,14.128,11.086,,2678.0,,0.0,,1.0,IONIQ5,108,-5.0,5.6,45,,,,,,,,,
M2210703926,2022-01-13 11:20:35.000,37.0,10.8,647.1,3.58,3.58,698.8,100.0,False,False,False,11.856,0.0,,2678.0,,0.0,,1.0,IONIQ5,108,-5.0,5.6,45,,,,,,,,,
M2210703926,2022-01-13 11:20:45.000,37.0,3.8,649.3,3.6,3.6,698.8,100.0,False,False,False,1.088,0.0,,2678.0,,0.0,,1.0,IONIQ5,108,-5.0,5.6,45,,,,,,,,,
M2210703926,2022-01-13 11:20:55.000,37.0,-12.5,646.6,3.58,3.58,698.8,100.0,False,False,False,20.08,0.0,,2678.0,,0.0,,1.0,IONIQ5,108,-5.0,5.6,45,,,,,,,,,
M2210703926,2022-01-13 11:21:05.000,36.5,-31.7,651.5,3.62,3.6,698.9,100.0,False,False,False,15.792,13.438,,2679.0,,0.0,,1.0,IONIQ5,108,-5.0,5.6,45,,,,,,,,,
M2210703926,2022-01-13 11:21:15.000,36.5,1.4,650.0,3.6,3.6,698.9,100.0,False,False,False,20.768,12.6,,2679.0,,0.0,,1.0,IONIQ5,108,-5.0,5.6,45,,,,,,,,,
M2210703926,2022-01-13 11:21:25.000,36.5,3.3,649.5,3.6,3.6,698.9,100.0,False,False,False,3.296,12.112,,2679.0,,0.0,,1.0,IONIQ5,108,-5.0,5.6,45,,,,,,,,,
M2210703926,2022-01-13 11:21:35.000,36.5,3.3,649.6,3.6,3.6,698.9,100.0,False,False,False,5.728,0.0,,2679.0,,0.0,,1.0,IONIQ5,108,-5.0,5.6,45,,,,,,,,,
M2210703926,2022-01-13 11:21:45.000,36.5,6.3,648.6,3.6,3.58,698.9,100.0,False,False,False,8.96,0.0,,2679.0,,0.0,,1.0,IONIQ5,108,-5.0,5.6,45,,,,,,,,,
M2210703926,2022-01-13 11:21:55.000,36.5,-12.4,647.0,3.58,3.58,698.9,100.0,False,False,False,10.416,18.906,,2679.0,,0.0,,1.0,IONIQ5,108,-5.0,5.6,45,,,,,,,,,
M2210703926,2022-01-13 11:22:05.000,36.5,-33.4,651.8,3.6,3.6,698.9,100.0,False,False,False,21.056,0.0,,2679.0,,0.0,,1.0,IONIQ5,108,-5.0,5.6,45,,,,,,,,,
M2210703926,2022-01-13 11:22:15.000,36.5,-11.1,646.0,3.58,3.58,698.9,100.0,False,False,False,15.904,26.026,,2679.0,,0.0,,1.0,IONIQ5,108,-5.0,5.6,45,,,,,,,,,
M2210703926,2022-01-13 11:22:25.000,36.5,-36.4,652.2,3.62,3.62,699.0,100.0,False,False,False,21.232,0.0,,2679.0,,0.0,,1.0,IONIQ5,108,-5.0,5.6,45,,,,,,,,,
M2210703926,2022-01-13 11:22:35.000,36.5,-12.9,653.0,3.62,3.62,699.0,100.0,False,False,False,17.008,0.0,,2679.0,,0.0,,1.0,IONIQ5,108,-5.0,5.6,45,,,,,,,,,
M2210703926,2022-01-13 11:22:45.000,36.5,10.2,646.8,3.58,3.58,699.0,100.0,False,False,False,28.992,7.282,,2679.0,,0.0,,1.0,IONIQ5,108,-5.0,5.6,45,,,,,,,,,
M2210703926,2022-01-13 11:22:55.000,36.5,-14.4,653.0,3.62,3.62,699.0,100.0,False,False,False,32.352,0.0,,2679.0,,0.0,,1.0,IONIQ5,108,-5.0,5.6,45,,,,,,,,,
M2210703926,2022-01-13 11:23:05.000,36.5,-30.8,651.5,3.62,3.6,699.0,100.0,False,False,False,20.144,0.0,,2679.0,,0.0,,1.0,IONIQ5,108,-5.0,5.6,45,,,,,,,,,
M2210703926,2022-01-13 11:23:15.000,36.5,3.6,649.3,3.6,3.6,699.0,100.0,False,False,False,2.656,0.0,,2679.0,,0.0,,1.0,IONIQ5,108,-5.0,5.6,45,,,,,,,,,
M2210703926,2022-01-13 11:23:25.000,36.5,5.6,648.8,3.6,3.6,699.1,100.0,False,False,False,15.04,1.126,,2679.0,,0.0,,1.0,IONIQ5,108,-5.0,5.6,45,,,,,,,,,
M2210703926,2022-01-13 11:23:35.000,36.5,-8.5,645.3,3.58,3.58,699.1,100.0,False,False,False,20.032,15.09,,2679.0,,0.0,,1.0,IONIQ5,108,-5.0,5.6,45,,,,,,,,,
M2210703926,2022-01-13 11:23:45.000,36.5,-34.5,651.9,3.62,3.62,699.1,100.0,False,False,False,20.432,0.0,,2679.0,,0.0,,1.0,IONIQ5,108,-5.0,5.6,45,,,,,,,,,
M2210703926,2022-01-13 11:23:55.000,36.5,9.1,647.6,3.6,3.58,699.1,100.0,False,False,False,10.0,0.0,,2679.0,,0.0,,1.0,IONIQ5,108,-5.0,5.6,45,,,,,,,,,
M2210703926,2022-01-13 11:24:05.000,36.5,-9.5,645.7,3.58,3.58,699.1,100.0,False,False,False,21.296,14.602,,2679.0,,0.0,,1.0,IONIQ5,108,-5.0,5.6,45,,,,,,,,,
M2210703926,2022-01-13 11:24:15.000,36.5,3.1,649.0,3.6,3.6,699.1,100.0,False,False,False,21.408,9.434,,2679.0,,0.0,,1.0,IONIQ5,108,-5.0,5.6,45,,,,,,,,,
M2210703926,2022-01-13 11:24:25.000,36.5,-10.6,646.1,3.58,3.58,699.1,100.0,False,False,False,20.08,8.946,,2680.0,,0.0,,1.0,IONIQ5,108,-5.0,5.6,45,,,,,,,,,
M2210703926,2022-01-13 11:24:35.000,36.5,56.2,633.2,3.5,3.48,699.2,100.0,False,False,False,30.384,0.0,,2680.0,,0.0,,1.0,IONIQ5,108,-5.0,5.6,45,,,,,,,,,
M2210703926,2022-01-13 11:24:45.000,36.5,-13.4,653.5,3.62,3.62,699.2,100.0,False,False,False,12.496,0.0,,2680.0,,0.0,,1.0,IONIQ5,108,-5.0,5.6,45,,,,,,,,,
M2210703926,2022-01-13 11:24:55.000,36.5,-1.6,643.3,3.56,3.56,699.2,100.0,False,False,False,15.504,0.0,,2680.0,,0.0,,1.0,IONIQ5,108,-5.0,5.6,45,,,,,,,,,
M2210703926,2022-01-13 11:25:05.000,36.5,2.9,649.0,3.6,3.6,699.2,100.0,False,False,False,6.08,18.068,,2680.0,,0.0,,1.0,IONIQ5,108,-5.0,5.6,45,,,,,,,,,
M2210703926,2022-01-13 11:25:15.000,36.5,-25.8,649.8,3.6,3.6,699.2,100.0,False,False,False,10.304,0.0,,2680.0,,0.0,,1.0,IONIQ5,108,-5.0,5.6,45,,,,,,,,,
M2210703926,2022-01-13 11:25:25.000,36.5,4.1,648.3,3.58,3.58,699.2,100.0,False,False,False,10.768,0.0,,2680.0,,0.0,,1.0,IONIQ5,108,-5.0,5.6,45,,,,,,,,,
M2210703926,2022-01-13 11:25:35.000,36.5,0.9,649.7,3.6,3.6,699.2,100.0,False,False,False,10.704,0.0,,2680.0,,0.0,,1.0,IONIQ5,108,-5.0,5.6,45,,,,,,,,,
M2210703926,2022-01-13 11:25:45.000,36.5,3.5,649.0,3.6,3.6,699.2,100.0,False,False,False,0.064,0.0,,2680.0,,0.0,,1.0,IONIQ5,108,-5.0,5.6,45,,,,,,,,,
M2210703926,2022-01-13 11:25:55.000,36.5,0.0,649.6,3.6,3.6,699.3,100.0,False,False,False,10.304,0.0,,2680.0,,0.0,,1.0,IONIQ5,108,-5.0,5.6,45,,,,,,,,,
M2210703926,2022-01-13 11:26:05.000,36.5,2.4,648.7,3.6,3.6,699.3,100.0,False,False,False,9.712,8.108,,2680.0,,0.0,,1.0,IONIQ5,108,-5.0,5.6,45,,,,,,,,,
M2210703926,2022-01-13 11:26:15.000,36.5,-12.0,645.1,3.58,3.58,699.3,100.0,False,False,False,16.608,0.0,,2680.0,,0.0,,1.0,IONIQ5,108,-5.0,5.6,45,,,,,,,,,
M2210703926,2022-01-13 11:26:25.000,36.5,-28.1,648.8,3.6,3.6,699.3,100.0,False,False,False,13.136,0.0,,2680.0,,0.0,,1.0,IONIQ5,108,-5.0,5.6,45,,,,,,,,,
M2210703926,2022-01-13 11:26:35.000,36.5,-10.9,644.7,3.58,3.56,699.3,100.0,False,False,False,11.056,0.0,,2680.0,,0.0,,1.0,IONIQ5,108,-5.0,5.6,45,,,,,,,,,
M2210703926,2022-01-13 11:26:45.000,36.5,-27.0,649.3,3.6,3.6,699.3,100.0,False,False,False,17.936,10.46,,2680.0,,0.0,,1.0,IONIQ5,108,-5.0,5.6,45,,,,,,,,,
M2210703926,2022-01-13 11:26:55.000,36.0,-30.4,650.8,3.6,3.6,699.3,100.0,False,False,False,2.72,0.0,,2680.0,,0.0,,1.0,IONIQ5,108,-5.0,5.6,45,,,,,,,,,
M2210703926,2022-01-13 11:27:05.000,36.0,-12.7,646.4,3.58,3.58,699.3,100.0,False,False,False,6.544,14.602,,2680.0,,0.0,,1.0,IONIQ5,108,-5.0,5.6,45,,,,,,,,,
M2210703926,2022-01-13 11:27:15.000,36.0,8.2,647.3,3.58,3.58,699.3,100.0,False,False,False,10.88,0.0,,2680.0,,0.0,,1.0,IONIQ5,108,-5.0,5.6,45,,,,,,,,,
M2210703926,2022-01-13 11:27:25.000,36.0,-34.3,652.2,3.62,3.62,699.3,100.0,False,False,False,11.456,0.0,,2680.0,,0.0,,1.0,IONIQ5,108,-5.0,5.6,45,,,,,,,,,
M2210703926,2022-01-13 11:27:35.000,36.0,-31.6,651.5,3.62,3.62,699.3,100.0,False,False,False,20.368,10.748,,2680.0,,0.0,,1.0,IONIQ5,108,-5.0,5.6,45,,,,,,,,,
M2210703926,2022-01-13 11:27:45.000,36.0,-8.8,645.5,3.58,3.58,699.4,100.0,False,False,False,15.744,12.6,,2680.0,,0.0,,1.0,IONIQ5,108,-5.0,5.6,45,,,,,,,,,
M2210703926,2022-01-13 11:27:55.000,36.0,-27.7,650.4,3.6,3.6,699.4,100.0,False,False,False,17.072,0.0,,2680.0,,0.0,,1.0,IONIQ5,108,-5.0,5.6,45,,,,,,,,,
M2210703926,2022-01-13 11:28:05.000,36.0,-2.0,643.6,3.58,3.56,699.4,100.0,False,False,False,17.952,14.264,,2680.0,,0.0,,1.0,IONIQ5,108,-5.0,5.6,45,,,,,,,,,
M2210703926,2022-01-13 11:28:15.000,36.0,-30.3,651.0,3.6,3.6,699.4,100.0,False,False,False,20.192,13.576,,2680.0,,0.0,,1.0,IONIQ5,108,-5.0,5.6,45,,,,,,,,,
M2210703926,2022-01-13 11:28:25.000,36.0,8.9,647.6,3.58,3.58,699.4,100.0,False,False,False,16.256,9.434,,2681.0,,0.0,,1.0,IONIQ5,108,-5.0,5.6,45,,,,,,,,,
M2210703926,2022-01-13 11:28:35.000,36.0,-9.0,645.1,3.58,3.58,699.4,100.0,False,False,False,23.088,18.268,,2681.0,,0.0,,1.0,IONIQ5,108,-5.0,5.6,45,,,,,,,,,
M2210703926,2022-01-13 11:28:45.000,36.0,8.8,647.0,3.58,3.58,699.4,100.0,False,False,False,19.84,6.944,,2681.0,,0.0,,1.0,IONIQ5,108,-5.0,5.6,45,,,,,,,,,
M2210703926,2022-01-13 11:28:55.000,36.0,-29.9,650.7,3.6,3.6,699.4,100.0,False,False,False,21.232,7.62,,2681.0,,0.0,,1.0,IONIQ5,108,-5.0,5.6,45,,,,,,,,,
M2210703926,2022-01-13 11:29:05.000,36.0,-32.2,651.3,3.62,3.6,699.5,100.0,False,False,False,20.256,0.0,,2681.0,,0.0,,1.0,IONIQ5,108,-5.0,5.6,45,,,,,,,,,
M2210703926,2022-01-13 11:29:15.000,36.0,29.5,642.4,3.58,3.56,699.5,100.0,False,False,False,33.568,24.712,,2681.0,,0.0,,1.0,IONIQ5,108,-5.0,5.6,45,,,,,,,,,
M2210703926,2022-01-13 11:29:25.000,36.0,-33.1,651.8,3.62,3.6,699.5,100.0,False,False,False,18.24,0.0,,2681.0,,0.0,,1.0,IONIQ5,108,-5.0,5.6,45,,,,,,,,,
M2210703926,2022-01-13 11:29:35.000,36.0,4.9,648.7,3.6,3.6,699.5,100.0,False,False,False,5.024,0.0,,2681.0,,0.0,,1.0,IONIQ5,108,-5.0,5.6,45,,,,,,,,,
M2210703926,2022-01-13 11:29:45.000,36.0,0.4,648.3,3.6,3.58,699.5,100.0,False,False,False,19.504,0.0,,2681.0,,0.0,,1.0,IONIQ5,108,-5.0,5.6,45,,,,,,,,,
M2210703926,2022-01-13 11:29:55.000,36.0,-29.5,650.3,3.6,3.6,699.5,100.0,False,False,False,17.536,0.0,,2681.0,,0.0,,1.0,IONIQ5,108,-5.0,5.6,45,,,,,,,,,
M2210703926,2022-01-13 11:30:05.000,36.0,5.6,648.2,3.6,3.58,699.6,100.0,False,False,False,7.232,21.396,,2681.0,,0.0,,1.0,IONIQ5,108,-5.0,5.6,45,,,,,,,,,
M2210703926,2022-01-13 11:30:15.000,36.0,-36.7,652.6,3.62,3.62,699.6,100.0,False,False,False,4.4,0.0,,2681.0,,0.0,,1.0,IONIQ5,108,-5.0,5.6,45,,,,,,,,,
M2210703926,2022-01-13 11:30:25.000,36.0,6.2,648.2,3.6,3.6,699.6,100.0,False,False,False,3.36,14.602,,2681.0,,0.0,,1.0,IONIQ5,108,-5.0,5.6,45,,,,,,,,,
M2210703926,2022-01-13 11:30:35.000,36.0,-3.7,644.1,3.58,3.56,699.6,100.0,False,False,False,16.544,0.0,,2681.0,,0.0,0.0,1.0,IONIQ5,108,-5.0,5.6,45,,,,,,,,,
M2210703926,2022-01-13 11:30:45.000,36.0,10.2,647.0,3.58,3.58,699.6,100.0,False,False,False,20.896,0.0,,2681.0,,0.0,,1.0,IONIQ5,108,-5.0,5.6,45,,,,,,,,,
M2210703926,2022-01-13 11:30:55.000,36.0,-28.5,650.4,3.6,3.6,699.6,100.0,False,False,False,7.168,0.0,,2681.0,,0.0,,1.0,IONIQ5,108,-5.0,5.6,45,,,,,,,,,
M2210703926,2022-01-13 11:31:05.000,36.0,-9.8,645.4,3.58,3.58,699.6,100.0,False,False,False,20.032,28.916,,2681.0,,0.0,,1.0,IONIQ5,108,-5.0,5.6,45,,,,,,,,,
M2210703926,2022-01-13 11:31:15.000,36.0,2.9,647.6,3.58,3.58,699.7,100.0,False,False,False,26.336,10.11,,2681.0,,0.0,,1.0,IONIQ5,108,-5.0,5.6,45,,,,,,,,,
M2210703926,2022-01-13 11:31:25.000,36.0,-2.7,642.1,3.56,3.54,699.7,100.0,False,False,False,31.072,12.75,,2681.0,,0.0,,1.0,IONIQ5,108,-5.0,5.6,45,,,,,,,,,
M2210703926,2022-01-13 11:31:35.000,36.0,-23.6,656.0,3.64,3.64,699.7,100.0,False,False,False,14.304,0.0,,2682.0,,0.0,,1.0,IONIQ5,108,-5.0,5.6,45,,,,,,,,,
M2210703926,2022-01-13 11:31:45.000,36.0,2.3,649.6,3.62,3.6,699.7,100.0,False,False,False,25.408,4.792,,2682.0,,0.0,,1.0,IONIQ5,108,-5.0,5.6,45,,,,,,,,,
M2210703926,2022-01-13 11:31:55.000,36.0,8.2,646.1,3.58,3.56,699.7,100.0,False,False,False,31.712,13.438,,2682.0,,0.0,,1.0,IONIQ5,108,-5.0,5.6,45,,,,,,,,,
M2210703926,2022-01-13 11:32:05.000,35.5,-16.4,652.4,3.62,3.62,699.8,100.0,False,False,False,34.56,5.618,,2682.0,,0.0,0.0,1.0,IONIQ5,108,-5.0,5.6,45,,,,,,,,,
M2210703926,2022-01-13 11:32:15.000,36.0,-10.5,645.1,3.58,3.58,699.8,100.0,False,False,False,21.696,0.0,,2682.0,,0.0,,1.0,IONIQ5,108,-5.0,5.6,45,,,,,,,,,
M2210703926,2022-01-13 11:32:26.000,35.5,2.7,647.9,3.6,3.58,699.8,100.0,False,False,False,15.168,2.302,,2682.0,,0.0,,1.0,IONIQ5,108,-5.0,5.6,45,,,,,,,,,
M2210703926,2022-01-13 11:32:36.000,35.5,11.3,645.5,3.58,3.58,699.8,100.0,False,False,False,11.68,13.576,,2682.0,,0.0,,1.0,IONIQ5,108,-5.0,5.6,45,,,,,,,,,
M2210703926,2022-01-13 11:32:46.000,35.5,-2.1,642.2,3.56,3.56,699.8,100.0,False,False,False,14.992,9.622,,2682.0,,0.0,0.0,1.0,IONIQ5,108,-5.0,5.6,45,,,,,,,,,
M2210703926,2022-01-13 11:32:56.000,35.5,-31.9,649.5,3.6,3.6,699.8,100.0,False,False,False,6.592,0.0,,2682.0,,0.0,0.0,1.0,IONIQ5,108,-5.0,5.6,45,,,,,,,,,
M2210703926,2022-01-13 11:33:06.000,35.5,-32.2,650.1,3.6,3.6,699.8,100.0,False,False,False,17.952,9.772,,2682.0,,0.0,,1.0,IONIQ5,108,-5.0,5.6,45,,,,,,,,,
M2210703926,2022-01-13 11:33:16.000,35.5,8.9,646.5,3.58,3.58,699.8,100.0,False,False,False,16.496,0.0,,2682.0,,0.0,0.0,1.0,IONIQ5,108,-5.0,5.6,45,,,,,,,,,
M2210703926,2022-01-13 11:33:26.000,35.5,3.1,648.7,3.6,3.6,699.9,100.0,False,False,False,7.696,9.284,,2682.0,,0.0,0.0,1.0,IONIQ5,108,-5.0,5.6,45,,,,,,,,,
M2210703926,2022-01-13 11:33:36.000,35.5,-6.4,644.3,3.58,3.56,699.9,100.0,False,False,False,21.056,0.0,,2682.0,,0.0,,1.0,IONIQ5,108,-5.0,5.6,45,,,,,,,,,
M2210703926,2022-01-13 11:33:46.000,35.5,-12.1,645.6,3.58,3.58,699.9,100.0,False,False,False,21.472,0.0,,2682.0,,0.0,0.0,1.0,IONIQ5,108,-5.0,5.6,45,,,,,,,,,
M2210703926,2022-01-13 11:33:56.000,35.5,-4.6,643.6,3.58,3.56,699.9,100.0,False,False,False,16.96,10.748,,2682.0,,0.0,0.0,1.0,IONIQ5,108,-5.0,5.6,45,,,,,,,,,
M2210703926,2022-01-13 11:34:06.000,35.5,30.9,641.0,3.56,3.54,699.9,100.0,False,False,False,24.016,0.0,,2682.0,,0.0,,1.0,IONIQ5,108,-5.0,5.6,45,,,,,,,,,
M2210703926,2022-01-13 11:34:16.000,35.5,-35.5,651.6,3.6,3.6,699.9,100.0,False,False,False,22.576,17.092,,2683.0,,0.0,0.0,1.0,IONIQ5,108,-5.0,5.6,45,,,,,,,,,
M2210703926,2022-01-13 11:34:26.000,35.5,-12.4,646.3,3.58,3.58,699.9,100.0,False,False,False,21.056,10.948,,2683.0,,0.0,0.0,1.0,IONIQ5,108,-5.0,5.6,45,,,,,,,,,
M2210703926,2022-01-13 11:34:36.000,35.5,-30.0,650.7,3.6,3.6,700.0,100.0,False,False,False,14.816,0.0,,2683.0,,0.0,0.0,1.0,IONIQ5,108,-5.0,5.6,45,,,,,,,,,
M2210703926,2022-01-13 11:34:46.000,35.5,3.0,648.5,3.6,3.58,700.0,100.0,False,False,False,12.896,0.0,,2683.0,,0.0,0.0,1.0,IONIQ5,108,-5.0,5.6,45,,,,,,,,,
M2210703926,2022-01-13 11:34:56.000,35.5,-9.1,644.4,3.58,3.56,700.0,100.0,False,False,False,24.368,0.0,,2683.0,,0.0,0.0,1.0,IONIQ5,108,-5.0,5.6,45,,,,,,,,,
M2210703926,2022-01-13 11:35:06.000,35.5,-33.8,651.3,3.62,3.6,700.0,100.0,False,False,False,19.264,20.758,,2683.0,,0.0,0.0,1.0,IONIQ5,108,-5.0,5.6,45,,,,,,,,,
M2210703926,2022-01-13 11:35:16.000,35.5,-0.6,642.3,3.56,3.56,700.0,100.0,False,False,False,33.328,0.0,,2683.0,,0.0,0.0,1.0,IONIQ5,108,-5.0,5.6,45,,,,,,,,,
M2210703926,2022-01-13 11:35:26.000,35.5,-6.2,643.5,3.56,3.56,700.0,100.0,False,False,False,33.44,16.066,,2683.0,,0.0,0.0,1.0,IONIQ5,108,-5.0,5.6,45,,,,,,,,,
M2210703926,2022-01-13 11:35:36.000,35.5,-14.5,652.4,3.62,3.62,700.1,100.0,False,False,False,33.28,0.0,,2683.0,,0.0,0.0,1.0,IONIQ5,108,-5.0,5.6,45,,,,,,,,,
M2210703926,2022-01-13 11:35:46.000,35.5,-0.7,643.4,3.58,3.56,700.1,100.0,False,False,False,28.352,6.944,,2683.0,,0.0,0.0,1.0,IONIQ5,108,-5.0,5.6,45,,,,,,,,,
M2210703926,2022-01-13 11:35:56.000,35.5,9.6,646.7,3.58,3.58,700.1,100.0,False,False,False,15.504,9.434,,2683.0,,0.0,0.0,1.0,IONIQ5,108,-5.0,5.6,45,,,,,,,,,
M2210703926,2022-01-13 11:36:06.000,35.5,85.1,627.5,3.48,3.48,700.1,100.0,False,False,False,38.944,0.0,,2683.0,,0.0,0.0,1.0,IONIQ5,108,-5.0,5.6,45,,,,,,,,,
M2210703926,2022-01-13 11:36:16.000,35.5,-2.7,642.6,3.56,3.56,700.1,100.0,False,False,False,29.392,0.0,,2683.0,,0.0,0.0,1.0,IONIQ5,108,-5.0,5.6,45,,,,,,,,,
M2210703926,2022-01-13 11:36:26.000,35.5,-11.7,644.5,3.56,3.56,700.1,100.0,False,False,False,24.192,2.152,,2683.0,,0.0,0.0,1.0,IONIQ5,108,-5.0,5.6,45,,,,,,,,,
M2210703926,2022-01-13 11:36:36.000,35.5,-32.2,651.2,3.62,3.6,700.1,100.0,False,False,False,2.944,0.0,,2684.0,,0.0,0.0,1.0,IONIQ5,108,-5.0,5.6,45,,,,,,,,,
M2210703926,2022-01-13 11:36:46.000,35.5,2.9,648.5,3.6,3.6,700.2,100.0,False,False,False,6.544,12.462,,2684.0,,0.0,0.0,1.0,IONIQ5,108,-5.0,5.6,45,,,,,,,,,
M2210703926,2022-01-13 11:36:56.000,35.5,-28.8,650.4,3.6,3.6,700.2,100.0,False,False,False,13.072,0.0,,2684.0,,0.0,0.0,1.0,IONIQ5,108,-5.0,5.6,45,,,,,,,,,
M2210703926,2022-01-13 11:37:06.000,35.5,-26.5,650.1,3.6,3.6,700.2,100.0,False,False,False,16.784,0.0,,2684.0,,0.0,0.0,1.0,IONIQ5,108,-5.0,5.6,45,,,,,,,,,
M2210703926,2022-01-13 11:37:16.000,35.5,-36.4,652.5,3.62,3.62,700.2,100.0,False,False,False,10.704,0.0,,2684.0,,0.0,0.0,1.0,IONIQ5,108,-5.0,5.6,45,,,,,,,,,
M2210703926,2022-01-13 11:37:26.000,35.5,4.0,648.5,3.6,3.6,700.2,100.0,False,False,False,2.608,0.0,,2684.0,,0.0,0.0,1.0,IONIQ5,108,-5.0,5.6,45,,,,,,,,,
M2210703926,2022-01-13 11:37:36.000,35.5,11.7,646.0,3.58,3.58,700.2,100.0,False,False,False,17.952,10.46,,2684.0,,0.0,0.0,1.0,IONIQ5,108,-5.0,5.6,45,,,,,,,,,
M2210703926,2022-01-13 11:37:46.000,35.5,-28.9,650.1,3.6,3.6,700.2,100.0,False,False,False,15.28,15.928,,2684.0,,0.0,0.0,1.0,IONIQ5,108,-5.0,5.6,45,,,,,,,,,
M2210703926,2022-01-13 11:37:56.000,35.5,12.6,645.8,3.58,3.58,700.2,100.0,False,False,False,21.408,19.094,,2684.0,,0.0,0.0,1.0,IONIQ5,108,-5.0,5.6,45,,,,,,,,,
M2210703926,2022-01-13 11:38:06.000,35.5,-30.2,650.2,3.6,3.6,700.2,100.0,False,False,False,14.352,0.0,,2684.0,,0.0,0.0,1.0,IONIQ5,108,-5.0,5.6,45,,,,,,,,,
M2210703926,2022-01-13 11:38:16.000,35.5,8.7,646.9,3.58,3.58,700.2,100.0,False,False,False,16.608,0.0,,2684.0,,0.0,0.0,1.0,IONIQ5,108,-5.0,5.6,45,,,,,,,,,
M2210703926,2022-01-13 11:38:26.000,35.5,0.4,649.0,3.6,3.6,700.2,100.0,False,False,False,10.816,16.416,,2684.0,,0.0,0.0,1.0,IONIQ5,108,-5.0,5.6,45,,,,,,,,,
M2210703926,2022-01-13 11:38:36.000,35.5,2.9,648.1,3.6,3.58,700.2,100.0,False,False,False,7.456,4.992,,2684.0,,0.0,0.0,1.0,IONIQ5,108,-5.0,5.6,45,,,,,,,,,
M2210703926,2022-01-13 11:38:46.000,35.5,-30.4,649.4,3.6,3.6,700.3,100.0,False,False,False,14.992,3.478,,2684.0,,0.0,0.0,1.0,IONIQ5,108,-5.0,5.6,45,,,,,,,,,
M2210703926,2022-01-13 11:38:56.000,35.0,-27.2,648.5,3.6,3.6,700.3,100.0,False,False,False,11.808,0.0,,2684.0,,0.0,0.0,1.0,IONIQ5,108,-5.0,5.6,45,,,,,,,,,
M2210703926,2022-01-13 11:39:06.000,35.0,-8.3,643.0,3.56,3.56,700.3,100.0,False,False,False,21.344,0.0,,2684.0,,0.0,0.0,1.0,IONIQ5,108,-5.0,5.6,45,,,,,,,,,
M2210703926,2022-01-13 11:39:16.000,35.0,8.6,645.4,3.58,3.58,700.3,100.0,False,False,False,21.632,7.77,,2684.0,,0.0,0.0,1.0,IONIQ5,108,-5.0,5.6,45,,,,,,,,,
M2210703926,2022-01-13 11:39:26.000,35.0,-9.8,644.0,3.58,3.56,700.3,100.0,False,False,False,24.016,13.088,,2684.0,,0.0,0.0,1.0,IONIQ5,108,-5.0,5.6,45,,,,,,,,,
M2210703926,2022-01-13 11:39:36.000,35.0,-25.7,649.0,3.6,3.6,700.3,100.0,False,False,False,17.584,14.952,,2684.0,,0.0,0.0,1.0,IONIQ5,108,-5.0,5.6,45,,,,,,,,,
M2210703926,2022-01-13 11:39:46.000,35.0,3.0,648.4,3.6,3.6,700.3,100.0,False,False,False,16.096,4.992,,2684.0,,0.0,0.0,1.0,IONIQ5,108,-5.0,5.6,45,,,,,,,,,
M2210703926,2022-01-13 11:39:56.000,35.0,-4.9,643.2,3.56,3.56,700.3,100.0,False,False,False,18.528,13.926,,2684.0,,0.0,0.0,1.0,IONIQ5,108,-5.0,5.6,45,,,,,,,,,
M2210703926,2022-01-13 11:40:06.000,35.0,-34.9,650.3,3.6,3.6,700.4,100.0,False,False,False,29.856,17.93,,2685.0,,0.0,0.0,1.0,IONIQ5,108,-5.0,5.6,45,,,,,,,,,
M2210703926,2022-01-13 11:40:16.000,35.0,-34.8,651.2,3.6,3.6,700.4,100.0,False,False,False,19.728,7.62,,2685.0,,0.0,0.0,1.0,IONIQ5,108,-5.0,5.6,45,,,,,,,,,
M2210703926,2022-01-13 11:40:26.000,35.0,11.4,645.7,3.58,3.58,700.4,100.0,False,False,False,15.616,8.108,,2685.0,,0.0,0.0,1.0,IONIQ5,108,-5.0,5.6,45,,,,,,,,,
M2210703926,2022-01-13 11:40:36.000,35.0,-26.6,649.4,3.6,3.6,700.4,100.0,False,False,False,15.28,21.584,,2685.0,,0.0,0.0,1.0,IONIQ5,108,-5.0,5.6,45,,,,,,,,,
M2210703926,2022-01-13 11:40:46.000,35.0,5.6,647.8,3.6,3.58,700.4,100.0,False,False,False,13.648,7.132,,2685.0,,0.0,0.0,1.0,IONIQ5,108,-5.0,5.6,45,,,,,,,,,
M2210703926,2022-01-13 11:40:56.000,35.0,12.0,645.8,3.58,3.58,700.4,100.0,False,False,False,19.392,0.788,,2685.0,,0.0,0.0,1.0,IONIQ5,108,-5.0,5.6,45,,,,,,,,,
M2210703926,2022-01-13 11:41:06.000,35.0,12.5,645.1,3.58,3.56,700.4,100.0,False,False,False,19.68,4.154,,2685.0,,0.0,0.0,1.0,IONIQ5,108,-5.0,5.6,45,,,,,,,,,
M2210703926,2022-01-13 11:41:16.000,35.0,-8.8,644.3,3.58,3.56,700.4,100.0,False,False,False,18.576,15.728,,2685.0,,0.0,0.0,1.0,IONIQ5,108,-5.0,5.6,45,,,,,,,,,
M2210703926,2022-01-13 11:41:26.000,35.0,-6.0,643.3,3.56,3.56,700.5,100.0,False,False,False,25.696,15.728,,2685.0,,0.0,0.0,1.0,IONIQ5,108,-5.0,5.6,45,,,,,,,,,
M2210703926,2022-01-13 11:41:36.000,35.0,-28.9,649.8,3.6,3.6,700.5,100.0,False,False,False,20.032,0.0,,2685.0,,0.0,0.0,1.0,IONIQ5,108,-5.0,5.6,45,,,,,,,,,
M2210703926,2022-01-13 11:41:46.000,35.0,-8.2,643.9,3.56,3.56,700.5,100.0,False,False,False,19.264,0.0,,2685.0,,0.0,0.0,1.0,IONIQ5,108,-5.0,5.6,45,,,,,,,,,
M2210703926,2022-01-13 11:41:56.000,35.0,-36.5,651.1,3.6,3.6,700.5,100.0,False,False,False,28.592,0.0,,2685.0,,0.0,0.0,1.0,IONIQ5,108,-5.0,5.6,45,,,,,,,,,
M2210703926,2022-01-13 11:42:06.000,35.0,-31.7,650.5,3.6,3.6,700.5,100.0,False,False,False,10.88,0.0,,2685.0,,0.0,0.0,1.0,IONIQ5,108,-5.0,5.6,45,,,,,,,,,
M2210703926,2022-01-13 11:42:16.000,35.0,-4.0,642.9,3.56,3.56,700.5,100.0,False,False,False,29.792,11.924,,2685.0,,0.0,0.0,1.0,IONIQ5,108,-5.0,5.6,45,,,,,,,,,
M2210703926,2022-01-13 11:42:26.000,35.0,-5.6,643.6,3.58,3.56,700.6,100.0,False,False,False,27.488,14.114,,2685.0,,0.0,0.0,1.0,IONIQ5,108,-5.0,5.6,45,,,,,,,,,
M2210703926,2022-01-13 11:42:36.000,35.0,11.2,645.5,3.58,3.58,700.6,100.0,False,False,False,24.304,22.71,,2685.0,,0.0,0.0,1.0,IONIQ5,108,-5.0,5.6,45,,,,,,,,,
M2210703926,2022-01-13 11:42:46.000,35.0,37.3,638.9,3.56,3.54,700.6,100.0,False,False,False,46.992,19.932,,2686.0,,0.0,0.0,1.0,IONIQ5,108,-5.0,5.6,45,,,,,,,,,
M2210703926,2022-01-13 11:42:56.000,35.0,26.5,641.5,3.56,3.56,700.7,100.0,False,False,False,46.08,14.264,,2686.0,,0.0,0.0,1.0,IONIQ5,108,-5.0,5.6,45,,,,,,,,,
M2210703926,2022-01-13 11:43:06.000,34.5,7.4,644.3,3.56,3.56,700.7,100.0,False,False,False,45.824,10.748,,2686.0,,0.0,0.0,1.0,IONIQ5,108,-5.0,5.6,45,,,,,,,,,
M2210703926,2022-01-13 11:43:16.000,35.0,11.9,646.0,3.58,3.58,700.7,100.0,False,False,False,30.272,20.07,,2686.0,,0.0,0.0,1.0,IONIQ5,108,-5.0,5.6,45,,,,,,,,,
M2210703926,2022-01-13 11:43:26.000,34.5,-29.9,650.2,3.6,3.6,700.7,100.0,False,False,False,27.84,13.576,,2686.0,,0.0,0.0,1.0,IONIQ5,108,-5.0,5.6,45,,,,,,,,,
M2210703926,2022-01-13 11:43:36.000,34.5,27.2,641.3,3.56,3.54,700.7,100.0,False,False,False,22.912,17.242,,2686.0,,0.0,0.0,1.0,IONIQ5,108,-5.0,5.6,45,,,,,,,,,
M2210703926,2022-01-13 11:43:46.000,34.5,6.2,646.8,3.58,3.58,700.7,100.0,False,False,False,17.584,0.0,,2686.0,,0.0,0.0,1.0,IONIQ5,108,-5.0,5.6,45,,,,,,,,,
M2210703926,2022-01-13 11:43:56.000,34.5,-9.1,643.8,3.58,3.56,700.8,100.0,False,False,False,29.68,28.028,,2686.0,,0.0,0.0,1.0,IONIQ5,108,-5.0,5.6,45,,,,,,,,,
M2210703926,2022-01-13 11:44:06.000,34.5,-37.6,651.3,3.6,3.6,700.8,100.0,False,False,False,23.904,13.438,,2686.0,,0.0,0.0,1.0,IONIQ5,108,-5.0,5.6,45,,,,,,,,,
M2210703926,2022-01-13 11:44:16.000,34.5,-2.6,641.9,3.56,3.56,700.8,100.0,False,False,False,29.104,17.73,,2686.0,,0.0,0.0,1.0,IONIQ5,108,-5.0,5.6,45,,,,,,,,,
M2210703926,2022-01-13 11:44:26.000,34.5,-29.3,648.7,3.6,3.6,700.8,100.0,False,False,False,27.488,3.966,,2687.0,,0.0,0.0,1.0,IONIQ5,108,-5.0,5.6,45,,,,,,,,,
M2210703926,2022-01-13 11:44:36.000,34.5,12.4,644.6,3.58,3.56,700.8,100.0,False,False,False,29.856,14.414,,2687.0,,0.0,0.0,1.0,IONIQ5,108,-5.0,5.6,45,,,,,,,,,
M2210703926,2022-01-13 11:44:46.000,34.5,-53.2,653.8,3.62,3.62,700.9,100.0,False,False,False,38.496,0.0,,2687.0,,0.0,0.0,1.0,IONIQ5,108,-5.0,5.6,45,,,,,,,,,
M2210703926,2022-01-13 11:44:56.000,34.5,10.6,644.8,3.58,3.56,700.9,100.0,False,False,False,30.448,0.0,,2687.0,,0.0,0.0,1.0,IONIQ5,108,-5.0,5.6,45,,,,,,,,,
M2210703926,2022-01-13 11:45:06.000,34.5,-2.9,639.7,3.54,3.52,700.9,100.0,False,False,False,37.04,14.752,,2687.0,,0.0,0.0,1.0,IONIQ5,108,-5.0,5.6,45,,,,,,,,,
M2210703926,2022-01-13 11:45:16.000,34.5,-9.6,642.9,3.58,3.56,701.0,100.0,False,False,False,37.616,0.0,,2687.0,,0.0,0.0,1.0,IONIQ5,108,-5.0,5.6,45,,,,,,,,,
M2210703926,2022-01-13 11:45:26.000,34.5,-10.7,642.5,3.56,3.56,701.0,100.0,False,False,False,37.04,18.418,,2687.0,,0.0,0.0,1.0,IONIQ5,108,-5.0,5.6,45,,,,,,,,,
M2210703926,2022-01-13 11:45:36.000,34.5,-37.3,650.0,3.6,3.6,701.0,100.0,False,False,False,32.416,16.066,,2687.0,0.0,0.0,0.0,1.0,IONIQ5,108,-5.0,5.6,45,,,,,,,,,
M2210703926,2022-01-13 11:45:46.000,34.5,26.6,639.5,3.54,3.54,701.0,100.0,False,False,False,40.0,0.0,,2687.0,,0.0,0.0,1.0,IONIQ5,108,-5.0,5.6,45,,,,,,,,,
M2210703926,2022-01-13 11:45:56.000,34.5,15.9,634.9,3.52,3.5,701.1,100.0,False,False,False,58.224,35.21,,2687.0,,0.0,0.0,1.0,IONIQ5,108,-5.0,5.6,45,,,,,,,,,
M2210703926,2022-01-13 11:46:06.000,34.5,-12.7,643.0,3.56,3.56,701.1,100.0,False,False,False,55.616,14.114,,2688.0,0.0,0.0,0.0,1.0,IONIQ5,108,-5.0,5.6,45,,,,,,,,,
M2210703926,2022-01-13 11:46:16.000,34.0,45.0,626.4,3.48,3.46,701.2,100.0,False,False,False,76.976,0.0,,2688.0,0.0,0.0,0.0,1.0,IONIQ5,108,-5.0,5.6,45,,,,,,,,,
M2210703926,2022-01-13 11:46:26.000,34.0,-17.1,652.0,3.62,3.62,701.2,100.0,False,False,False,36.464,0.0,,2688.0,0.0,0.0,0.0,1.0,IONIQ5,108,-5.0,5.6,45,,,,,,,,,
M2210703926,2022-01-13 11:46:36.000,34.5,7.8,645.4,3.58,3.56,701.2,100.0,False,False,False,23.088,6.106,,2688.0,0.0,0.0,0.0,1.0,IONIQ5,108,-5.0,5.6,45,,,,,,,,,
M2210703926,2022-01-13 11:46:46.000,34.0,7.2,646.7,3.58,3.58,701.3,100.0,False,False,False,26.112,14.264,,2688.0,0.0,0.0,0.0,1.0,IONIQ5,108,-5.0,5.6,45,,,,,,,,,
M2210703926,2022-01-13 11:46:56.000,34.0,-6.2,642.4,3.56,3.56,701.3,100.0,False,False,False,40.512,0.0,,2688.0,0.0,0.0,0.0,1.0,IONIQ5,108,-5.0,5.6,45,,,,,,,,,
M2210703926,2022-01-13 11:47:06.000,34.0,41.0,629.7,3.5,3.48,701.3,100.0,False,False,False,50.304,24.224,,2688.0,0.0,0.0,0.0,1.0,IONIQ5,108,-5.0,5.6,45,,,,,,,,,
M2210703926,2022-01-13 11:47:16.000,34.0,-52.7,653.1,3.62,3.62,701.4,100.0,False,False,False,60.832,0.0,,2689.0,0.0,0.0,0.0,1.0,IONIQ5,108,-5.0,5.6,45,,,,,,,,,
M2210703926,2022-01-13 11:47:26.000,34.0,0.0,648.2,3.6,3.6,701.4,100.0,False,False,False,35.136,28.028,,2689.0,0.0,0.0,0.0,1.0,IONIQ5,108,-5.0,5.6,45,,,,,,,,,
M2210703926,2022-01-13 11:47:36.000,34.0,-7.6,638.8,3.52,3.5,701.5,100.0,False,False,False,58.176,10.598,,2689.0,0.0,0.0,0.0,1.0,IONIQ5,108,-5.0,5.6,45,,,,,,,,,
M2210703926,2022-01-13 11:47:46.000,34.0,-10.2,641.8,3.56,3.54,701.5,100.0,False,False,False,60.256,15.728,,2689.0,0.0,0.0,0.0,1.0,IONIQ5,108,-5.0,5.6,45,,,,,,,,,
M2210703926,2022-01-13 11:47:56.000,34.0,-16.8,651.4,3.62,3.6,701.5,100.0,False,False,False,33.728,0.0,,2689.0,0.0,0.0,0.0,1.0,IONIQ5,108,-5.0,5.6,45,,,,,,,,,
M2210703926,2022-01-13 11:48:06.000,34.0,-34.3,649.1,3.6,3.6,701.6,100.0,False,False,False,24.368,17.442,,2689.0,0.0,0.0,0.0,1.0,IONIQ5,108,-5.0,5.6,45,,,,,,,,,
M2210703926,2022-01-13 11:48:16.000,34.0,-61.7,656.1,3.64,3.64,701.6,100.0,False,False,False,28.352,0.0,,2689.0,0.0,0.0,0.0,1.0,IONIQ5,108,-5.0,5.6,45,,,,,,,,,
M2210703926,2022-01-13 11:48:26.000,34.0,0.7,646.8,3.58,3.58,701.6,100.0,False,False,False,14.352,14.602,,2689.0,0.0,0.0,0.0,1.0,IONIQ5,108,-5.0,5.6,45,,,,,,,,,
M2210703926,2022-01-13 11:48:36.000,34.0,25.5,634.6,3.52,3.52,701.6,100.0,False,False,False,36.464,30.518,,2689.0,0.0,0.0,0.0,1.0,IONIQ5,108,-5.0,5.6,45,,,,,,,,,
M2210703926,2022-01-13 11:48:46.000,34.0,5.0,645.1,3.58,3.58,701.7,100.0,False,False,False,43.92,35.698,,2690.0,0.0,0.0,0.0,1.0,IONIQ5,108,-5.0,5.6,45,,,,,,,,,
M2210703926,2022-01-13 11:48:56.000,34.0,11.1,644.3,3.58,3.58,701.7,100.0,False,False,False,49.072,10.26,,2690.0,0.0,0.0,0.0,1.0,IONIQ5,108,-5.0,5.6,45,,,,,,,,,
M2210703926,2022-01-13 11:49:06.000,34.0,-18.5,649.7,3.58,3.58,701.7,100.0,False,False,False,41.968,12.75,,2690.0,0.0,0.0,0.0,1.0,IONIQ5,108,-5.0,5.6,45,,,,,,,,,
M2210703926,2022-01-13 11:49:16.000,34.0,-1.9,641.1,3.56,3.54,701.7,100.0,False,False,False,40.336,0.0,,2690.0,0.0,1.0,0.0,1.0,IONIQ5,108,-5.0,5.6,45,,,,,,,,,
M2210703926,2022-01-13 11:49:26.000,33.5,-19.7,652.1,3.62,3.62,701.8,100.0,False,False,False,45.024,12.95,,2690.0,0.0,1.0,0.0,1.0,IONIQ5,108,-5.0,5.6,45,,,,,,,,,
